stop_point_ref,common_name,indicator,locality_name,locality_qualifier
0610EP1392,Ellesmere Port Bus Station Stand 3,,,
0610EP1396,Ellesmere Port Bus Station Stand 7,,,
0610EP1023,Whitby Park,,,
0610EP1024,Whitby Park,,,
0610EP1059,Grace Arms,,,
0610EP1060,Grace Arms,,,
0610EP1058,Stanney Lane,,,
0610EP1057,Stanney Lane,,,
0610EP1056,Cheltenham Road,,,
0610EP1055,Cheltenham Road,,,
0610EP1054,Cheshire Cat PH,,,
0610EP1053,Cheshire Cat PH,,,
0610EP63,Wolverham Road,,,
0610EP1020,Repton Road,,,
0610EP1052,Rochester Drive,,,
0610EP1019,Rochester Drive,,,
0610EP1419,Rochester Drive,,,
0610EP1418,Rochester Drive,,,
0610EP1050,Warkworth Court,,,
0610EP1018,Kenilworth Court,,,
0610EP1017A,Bodiam Court,,,
0610EP1017,Warwick Court,,,
0610EP1049,Stanney Grange Shops,,,
0610EP1016,Stanney Grange Shops,,,
0610EP1048,Criccieth Court,,,
0610EP1015,Criccieth Court,,,
0610EP1013,Stanney Lane,,,
0610EP1014,Rochester Drive,,,
0610EP1011,David Lloyd Leisure Centre,,,
0610EP1012,University Academy South Campus,,,
0610EP1010,David Lloyd Leisure Centre,,,
0610EP17466,Longlooms Road,,,
5120WDB47536,Deeside Ind Park,,,
5120WDB47537,Deeside Ind Park,,,
5120WDB21640,Welsh Road,,,
5120AWF80668,Drome Corner,,,
5120WDB47546,Cycle Bridge,,,
5120AWF80671,Deva Business Park,,,
5120WDB22101,Drome Corner,,,
5120AWF80669,Post Office,,,
5120AWF80670,Post Office,,,
5120AWF80658,Sealand School,,,
5120WDB22102,Sealand School,,,
5120WDB47544,Expressway Business Park,,,
5120WDB47545,Expressway Business Park,,,
5120AWF80657,Station Road Q,,,
5120AWF80656,Station Road,,,
5120AWF80627,Asda,,,
5120AWF80697,Solar Services,,,
5400GYX17359,Bus Station,,,
5400AWQ26381,Ffordd Deiniol,,,
5400WDB48299,Farrar Road,,,
5400AWF80918,Ffordd Deiniol,,,
5400AWF80913,Railway Station,,,
5400AWF80917,Railway Station,,,
5400AWF80915,Morrisons,,,
5400AWP26219,Morrisons,,,
5400AWF80885,Llys Tryfan,,,
5400AWF80886,Leisure Centre,,,
5400AWQ26382,Coleg Menai,,,
5400GYX17373,Llys Tryfan,,,
5400GYX17374,Canolfan Hamdden,,,
5400AWP26395,Coleg Menai,,,
5400AWP26436,Swyddfa'r Post Office,,,
5400AWF80888,Swyddfa'r Post Office,,,
5400AWF80889,Ffordd Belmont,,,
5400AWP26394,Ffordd Belmont,,,
5400AWP26181,Ffordd Penrhos,,,
5400AWP26217,Ffordd Penrhos,,,
5400AWF80891,Penrhos,,,
5400AWP26216,Heol Penrhos,,,
5400AWF80892,Top Coed Mawr,,,
5400AWP26215,Pen Coed Mawr,,,
5400WDB48328,Hafod Elfyn,,,
5400WDB48329,Hafod Elfyn,,,
5400AWQ26318,Kingdom Hall,,,
5400AWF80893,Bryn Adda,,,
5400AWP26183,Penrhos Garnedd,,,
5400AWF80894,Penrhos Garnedd,,,
5400AWF80895,Ysbyty Gwynedd,,,
5400AWQ26320,Goleufryn,,,
5400AWQ26321,Ysgol y Faenol,,,
5400AWF80899,Ty`n Eithin,,,
5400AWP26300,Llys Britannia,,,
5400AWF80878,Ffordd y Parc,,,
5400AWF80877,Ffordd Gelli Morgan,,,
5400WDB48322,Ffordd-y-Llyn,,,
5410AWD70084,Carreg-Bran,,,
5410AWD70028,Rhyd Menai,,,
5410AWD70612,Waitrose,,,
5410AWD70024,Carreg y Borth,,,
5410AWD70029,Cemetery,,,
5410AWD70027,Bus Station,,,
5400AWF80896,Goleufryn,,,
5400AWP26214,Penrhos Community Centre,,,
5400AWF80897,Ysgol y Faenol,,,
5400WDB48313,Lon Treborth,,,
5410AWD70610,King George`s Field,,,
5410AWD70611,Waitrose,,,
5410AWD70026,Wood Street,,,
5410AWD70030,Carreg-Bran,,,
5410AWD70447,Turnpike,,,
5410AWD70031,Turnpike,,,
5410AWD70032,Post Office,,,
5410WDB21794,Post Office,,,
5410AWD70033,Station,,,
5410AWD70035,Hafod,,,
5410AWP26197,Bryn Salem,,,
5410AWD70034,Hafod,,,
5410AWD70038,Star Crossroads,,,
5410AWP26337,Star Crossroads,,,
5410WDB21859,Meddygfa Star,,,
5410AWD70042,Tafarn Newborough,,,
5410WDB21860,Meddygfa Star,,,
5410AWD70041,Tafarn Newborough,,,
5410AWD70044,Police Station,,,
5410AWD70040,Tafarn Newborough,,,
5410AWD70043,Police Station,,,
5410AWD70045,Rhestai Rhos,,,
5410AWD70046,War Memorial,,,
5410AWD70047,Industrial Estate,,,
5410AWD70048,Industrial Estate,,,
5410AWD70050,Lon Tyddyn Mawr,,,
5410AWD70053,Old Windmill,,,
5410AWD70049,Lon Tyddyn Mawr,,,
5410WDB21857,Nant yr Odyn,,,
5410WDB21858,Nant yr Odyn,,,
5410WDB21888,Nant Turnpike,,,
5410AWD70618,Glanhwfa Road,,,
5410AWD70617,Glanhwfa Road,,,
5410AWD70065,Industrial Estate,,,
5410WDB21863,Industrial Estate,,,
5410AWD70066,Ysgol y Bont,,,
5410AWD70067,Ysgol y Bont,,,
5410AWD70072,Post Office,,,
5410AWD70073,Library,,,
5410AWD70074,Ysgol,,,
5410AWD70060,Ffordd Corn Hir,,,
5410AWD70061,Ffordd Corn Hir,,,
5410AWD70058,Bodelis,,,
5410AWD70064,Ysgol,,,
5410AWP26338,Cae Mawr,,,
5410AWD70059,Bodelis,,,
5410WDB23628,Tan Rallt,,,
5410WDB23627,Cae Mawr,,,
5410AWD70057,Tan Rallt,,,
5410AWD70056,Penrhiw,,,
5410AWD70055,Penrhiw,,,
5410WDB23630,Gorwel Deg,,,
5410AWP26251,Gorwel Deg,,,
5410WDB23629,Capel Cana,,,
5410AWD70054,Capel Cana,,,
5410WDB23631,Cwm Cwmwd,,,
5410ANX17079,Cefn Cwmwd,,,
5410WDB21866,Hendre Fawr,,,
5410WDB21868,Hendre Fawr,,,
5410WDB23632,Mona Isaf,,,
5410AWP26339,Mona Isaf,,,
5410WDB23633,Bodffordd Turn,,,
5410AWP26351,Bodffordd Turn,,,
5410WDB24224,Mona Industrial Estate,,,
5410AWD71721,Anglesey Show Ground,,,
5410AWD71720,Anglesey Show Ground,,,
5410AWD71722,Old Toll House,,,
5410AWP26340,Old Toll House,,,
5410AWD71724,Clock,,,
5410WDB21864,Clock,,,
5410AWD70554,Rhosneigir Turn,,,
5410AWD70553,Rhosneigir Turn,,,
5410WDB23635,Ty-hen Road,,,
5410AWD71725,Ty-hen Road,,,
5410WDB23636,Trinity Church,,,
5410AWD70552,Trinity Church,,,
5410WDB21927,Post Office,,,
5410AWD70551,Post Office,,,
5410ANX17112,Surgery,,,
5410AWD70550,Surgery,,,
5410AWP26335,Bodedern Turn,,,
5410AWP26342,Bodedern Turn,,,
5410WDB21974,Minffordd Road,,,
5410AWD70489,Dinam Road,,,
5410AWD70491,St Mihangel`s Church,,,
5410WDB21975,St Mihangel`s Church,,,
5410WDB23719,Bryn Trewen Isaf,,,
5410AWD70492,Bryn Trewen Isaf,,,
5410AWD70608,Penrhyn Close,,,
5410AWQ26215,RAF Valley Medical Centre,,,
5410WDB23718,RAF Valley Medical Centre,,,
5410AWD70607,Minffordd Road,,,
5410WDB22888,Anglesey Airport,,,
5410WDB47350,Tollgate,,,
5410AWQ26270,Tollgate,,,
5410AWD70546,Valley Crossroads,,,
5410AWD70493,Valley Crossroads,,,
5410WDB23637,Railway Station,,,
5410AWP26344,Tan y Bryn,,,
5410AWD70496,Cleifiog Terrace,,,
5410AWD70497,Llifon,,,
5410AWD70494,Railway Station,,,
5410AWD70498,Copperfield Close,,,
5410AWD70495,Tan y Bryn,,,
5410WDB23639,Cleifiog Terrace,,,
5410AWD70499,Capel Sardis,,,
5410AWP26328,Cherry Garth,,,
5410AWD70500,Anchorage Hotel,,,
5410WDB21987,Copperfield Close,,,
5410AWP26327,Llais y Mor,,,
5410AWQ26210,Capel Sardis,,,
5410AWP26326,Anchorage Hotel,,,
5410AWP26325,R`Efail Estate,,,
5410AWD70501,R`Efail Estate,,,
5410AWD70503,Gogerddan,,,
5410WDB23642,Gogerddan,,,
5410AWD70505,Capel Farm Estate,,,
5410AWD70504,Capel Farm Estate,,,
5410AWD70506,Beach Car Park,,,
5410WDB21986,Beach Car Park,,,
5410AWP26346,Square,,,
5410AWD70507,Square,,,
5410AWD70606,Penrallt Road,,,
5410AWD70605,Hunters Chase,,,
5410AWD70508,Penrallt Road,,,
5410AWD70510,Penrhyngeiriol,,,
5410AWD70509,Hunters Chase,,,
5410WDB21985,Penrhyngeiriol,,,
5410AWP26347,Ebenezer Villas,,,
5410AWD70511,Capel Ebeneser,,,
5410AWQ26205,Kingsland Hill,,,
5410AWQ26268,Forresters,,,
5410AWP26353,Bryn Erw Road,,,
5410AWQ26204,Capel Ulo,,,
5410AWD70524,Holyhead Tesco,,,
5410AWP26352,Pont Cyttir,,,
5410WDB47858,Morrisons,,,
5410AWP26334,Bryn Erw Road,,,
5410WDB21980,Lon Deg,,,
5410AWD70539,Lon Deg,,,
5410AWQ26265,Holyhead Arriva Depot,,,
5410AWD70538,Holyhead Arriva Depot,,,
5410WDB21981,Llys Watling,,,
5410WDB21982,Llys Watling,,,
5410AWQ26263,Railway Station,,,
5410AWD70536,Railway Station,,,
5410AWD70514,Clock,,,
5410AWD70515,Hill Street Car Park,,,
5410AWD70516,Summer Hill,,,
5130AWD71189,Penmorfa West Shore,,,
5130AWD71191,The Oval,,,
5130CWX02054,York Road,,,
5130CWX02026,The Oval,,,
5130CWX02027,Clifton Road,,,
5130AWQ26438,Palladium,,,
5130AWD71193,Palladium,,,
5130AWD71192,Palladium,,,
5130AWD71202,Marks & Spencers,,,
5130AWD71203,Victoria Centre,,,
5130AWD71205,North Western,,,
5130AWD71207,North Western Gardens,,,
5130WDB46466,Law Courts,,,
5130AWD71208,Coach Park,,,
5130AWP26418,B&Q,,,
5130AWD71209,Venue Cymru,,,
5130AWP26420,Grand Theatre,,,
5130AWD71231,Clarence Road,,,
5130AWP26580,Clarence Road,,,
5130AWP26421,Queen's Road,,,
5130AWD71242,Craig-y-Don,,,
5130AWP26422,Roumania Drive,,,
5130AWD71233,Nth Wales Medical Centre,,,
5130AWP26417,Roumania Drive,,,
5130AWD72254,Vicarage Road,,,
5130AWP26416,Fferm Lane,,,
5130AWD71234,Vicarage Road,,,
5130AWD72253,St Hilary's Road,,,
5130AWD72252,St Hilary`s Church,,,
5130AWP26423,St Hilary`s Church,,,
5130AWD72251,Llanrhos Corner,,,
5130AWD72250,Llanrhos Corner,,,
5130AWD72249,St Anne's Gardens,,,
5130AWP26424,St Anne's Gardens,,,
5130AWD72243,Marl Lane,,,
5130AWD72248,High Pastures,,,
5130AWP26415,Marl Lane,,,
5130AWD72237,Bryn Marl,,,
5130AWD72236,Dol Hudol,,,
5130WDB47963,The Mews,,,
5130AWD72235,Victoria Crescent,,,
5130AWP26414,Bryn Marl,,,
5130WDB47961,Dol Hudol,,,
5130WDB47962,The Mews,,,
5130AWP26413,Victoria Crescent,,,
5130AWD72234,Broad Street,,,
5130AWP26412,Broad Street,,,
5130AWD70298,Flyover,,,
5130AWD70299,Flyover,,,
5130AWD70289,Railway Station,,,
5130WDB23989,Bodlondeb,,,
5130AWD70287,Castle Square,,,
5130AWD70286,Town Ditch Q,,,
5130AWP26426,Llys Bodlondeb,,,
5130AWD70285,Llys Bodlondeb,,,
5130AWD70284,Cwrt Llewelyn,,,
5130AWD70277,Cwrt Llewellyn,,,
5130AWD70281,Bryn Morfa Caravan Park,,,
5130AWD70278,Bryn Morfa Caravan Park,,,
5130AWP26411,Pendyffryn Farm,,,
5130AWD72347,A55 YHA,,,
5130AWD72348,Glan-y-coed Farm,,,
5130CWX02030,Glan y Coed Farm,,,
5130AWD72388,St Gwynan`s,,,
5130AWD72389,St Gwynan`s,,,
5130AWD72387,Maes y Llan,,,
5130AWP26427,Gogarth Avenue,,,
5130AWD72386,Puffin Hotel,,,
5130AWP26428,Puffin Hotel,,,
5130WDB24138,Pen-y-cae Football Ground,,,
5130WDB24137,Pen-y-cae Football Ground,,,
5130AWD72384,Church Road,,,
5130AWP26410,Church Road,,,
5130AWD72362,Llys Clwyd,,,
5130WDB24139,Brookes Tarpaulin,,,
5130AWP26409,Llys Clwyd,,,
5130AWD72363,New York Bridge,,,
5130AWP26429,Red Gables,,,
5130AWP26438,Alexandra Hotel,,,
5130CWX02040,Brookes Tarpaulin,,,
5130AWD72368,Crimea Terrace,,,
5130AWD72369,Pendalar,,,
5130AWD72383,Pendalar,,,
5130CWX02013,Roundabout,,,
5130AWP26430,Penmaen Park,,,
5130AWD72370,Penmaen Park,,,
5130AWD72372,Plas Menai,,,
5130AWD72371,Plas Menai,,,
5130AWP26408,Plas y Berth,,,
5130AWD72373,Plas y Berth,,,
5130AWP26432,Bont Newydd,,,
5130AWD72382,Bont Newydd,,,
5130AWF80399,Rhandir Hedd Cemetery,,,
5130AWP26407,Rhandir Hedd Cemetery,,,
5400AWF80400,Gorddinog Turn,,,
5400WDB48330,Gorddinog,,,
5400AWF80402,Shelter,,,
5400AWF80405,Ty`n-yr-hendre,,,
5400AWF80406,Turnpike House,,,
5400AWP26403,Turnpike House,,,
5400AWF80407,Eglwys St Cross,,,
5400AWP26402,Eglwys St Cross,,,
5400AWF80408,Tal-y-Bont Junction,,,
5400AWP26401,Tal-y-Bont Junction,,,
5400AWF80409,Penrhyn Castle,,,
5400AWP26433,Penrhyn Castle,,,
5400GYX17112,Llandegai Ffordd Fawr,,,
5400WDB23066,Llandegai Ffordd Fawr,,,
5400AWP26400,Llandegai Industrial Estate,,,
5400AWF80410,Llandegai Industrial Estate,,,
5400AWF80411,Amlosgfa,,,
5400AWP26399,Amlosgfa,,,
5400AWP26398,Maesgeirchen Entrance,,,
5400AWF80419,Maesgeirchen Entrance,,,
5400GYX17354,Glan Traeth,,,
5400GYX17353,Pen y bryn,,,
5400AWF80424,Glan Traeth,,,
5400AWP26434,Nelson,,,
5400AWF80423,Pen y bryn,,,
5400AWF80426,Crosville Club,,,
5400AWF80425,Nelson,,,
5400AWF80921,Canolfan Bangor,,,
5400AWP26397,Crosville Club,,,
5400AWP26493,Glynne Road,,,
5400GYX17362,Penuel Church,,,
5400GYX17358,Bus Station,,,
5400GYX17363,Canolfan Bangor,,,
5400AWF80920,Glynne Road,,,
5400AWP26396,Penuel Church,,,
5400GYX17361,Bus Station,,,
5400AWP26182,Kingdom Hall,,,
5400AWQ26342,Penrhos Community Centre Q,,,
5400AWP26439,Parc Menai A487,,,
5400WDB48326,Ffordd y Parc,,,
5400AWF80876,Parc Menai AA87,,,
5400AWF80900,Nant y mount,,,
5400AWP26447,Nant y Mount,,,
5400AWP26298,Faenol,,,
5400AWP26299,Faenol,,,
5400AWP26448,Nant-y-Garth,,,
5400AWQ26340,Nant-y-Garth,,,
5400AWD71844,Aber Pwll,,,
5400AWP26297,Aber Pwll,,,
5400AWP26296,Bodarwydd,,,
5400AWD71845,Bodarwydd,,,
5400AWD71846,Cloc,,,
5400AWQ26337,Cloc,,,
5400AWD71847,Victoria Hotel,,,
5400AWP26295,Victoria Hotel,,,
5400AWD71848,Arfon,,,
5400AWD71849,Modurdy,,,
5400AWP26393,Arfon,,,
5400AWQ26325,Santes Fair,,,
5400AWP26294,Modurdy Menai,,,
5400AWQ26333,Santes Fair,,,
5400AWP26290,Cerrig-yr-afon,,,
5400AWD71851,Cerrig-yr-afon,,,
5400WDB48302,Llanfair Hall,,,
5400AWD71852,Plas Menai,,,
5400WDB48301,Llanfair Hall,,,
5400WDB23871,Plas Menai,,,
5400AWD71853,Griffiths Crossing,,,
5400AWN26189,Griffiths Crossing,,,
5400AWP26286,Ferodo,,,
5400AWQ26329,Ferodo,,,
5400AWP26284,Tal Menai,,,
5400AWP26285,Tal Menai,,,
5400AWD71857,Waterloo Port,,,
5400AWD71856,Ffordd Bangor Road,,,
5400AWQ26328,Lon Campbell,,,
5400AWD71858,Lon Campbell,,,
5400AWP26310,Morrisons,,,
5400AWD71859,Morrisons,,,
5400AWD70195,Bus Station,,,
5400AWD70198,Asda,,,
5400AWD70197,Turf Square,,,
5410AWD70051,Old Windmill,,,
5400GYX17360,Bus Station,,,
5400AWF80916,Plaza,,,
5400GYX17411,West End,,,
5400GYX17412,St David`s Church,,,
5400AWF80912,Ysgol Gynradd,,,
5400AWF80910,Home Bargains,,,
5400AWF80911,Glan-Adda,,,
5400GYX17413,Bryn Llwyd,,,
5400WDB48359,Home Bargains,,,
5400AWF80909,Bryn Llwyd,,,
5400AWF80907,Coed Mawr Roundabout,,,
5400AWF80908,Trehwfa,,,
5400AWP26185,Capel y Graig Q,,,
5400AWF80898,Dafarn Newydd,,,
5400GYX17387,Capel y Graig,,,
5400AWF80881,Antelope Inn,,,
5410AWD70088,Art Gallery,,,
5410AWD70089,Art Gallery,,,
5410AWP26223,Cichle Hill,,,
5410AWD70090,Cichle Hill,,,
5410WDB23680,Plas Rhianfa,,,
5410AWD70092,Lon Brynteg,,,
5410AWD70367,Hideaway Cottage,,,
5410WDB23681,Hideaway Cottage,,,
5410WDB21793,Bron Haul,,,
5410WDB21792,Bron Haul,,,
5410WDB23679,Trem Arfon,,,
5410AWD70366,Bryn Teg,,,
5410WDB23678,Old Windmill,,,
5410AWD70365,Trem Arfon,,,
5410WDB23677,War Memorial,,,
5410AWP26234,Bryniau Duon,,,
5410AWD70364,War Memorial,,,
5410AWP26235,Lidiart Parc,,,
5410AWP26321,St Tegfan`s Church,,,
5410AWD70363,Maes Ffynnon,,,
5410WDB23676,Lidiart Parc,,,
5410AWP26236,Mile Lane,,,
5410AWD70107,Maes Hyfryd,,,
5410AWD70106,Maes Hyfryd,,,
5410AWP26224,Gazelle Hotel,,,
5410AWD70093,Cemetery,,,
5410AWD70094,West End,,,
5410AWD70096,Bakery,,,
5410AWD70105,Bulkeley Hotel,,,
5410AWD70097,Burton Way,,,
5410AWP26237,Fryars Bay,,,
5410AWD70098,Llanfaes Parc,,,
5410AWD70104,Playing Field,,,
5410AWD70103,Pont y Rhyd,,,
5410AWP26229,Playing Field,,,
5400GYX17581,Llandegai Industrial Est,,,
5130AWD71210,Mostyn Champneys Retail Park,,,
5130AWD71211,Kingsway Path,,,
5130WDB46465,Asda,,,
5130CWX02068,Llandudno Fire Station (NW),,,
5130AWP26446,Links Hotel,,,
5130AWD71240,Cwm Place (SW),,,
5130AWP26444,Cwm Place (NE),,,
5130AWD71217,Attlee Close (SW),,,
5130AWP26443,Attlee Close (NE),,,
5130AWD71185,Maesdu Bridge (S),,,
5130AWQ26437,Maesdu Bridge,,,
5130AWD71184,Maesdu Avenue,,,
5130AWD71183,Maesdu Avenue,,,
5130AWD71182,Hawes Drive,,,
5130AWP26442,Hawes Drive,,,
5130AWD71181,Gannock Road,,,
5130AWP26441,Gannock Road,,,
5130AWD71180,Deganwy Railway Station (SE),,,
5130AWP26440,Deganwy Railway Station,,,
5130AWD71178,Stamford Street (NW),,,
5130AWD71177,Stamford Street (SE),,,
5130AWD71176,Fon Tom,,,
5130AWD71175,Fon Tom,,,
5130AWD70300,New Road,,,
5130AWD70301,New Road,,,
5130AWD70305,Station,,,
5400AWP26220,Bangor Uchaf,,,
5400AWP26221,Look Out,,,
5400AWF80884,Belle Vue Hotel,,,
5400AWP26222,Coleg Normal,,,
5400AWF80883,Look Out,,,
5400AWF80882,Coleg Normal,,,
5400AWF80879,Glan Menai,,,
5400AWP26213,Glan Menai,,,
5400AWF80880,Sunnybank,,,
5400AWP26212,Antelope Inn,,,
5410AWD70023,Menai Suspension Bridge,,,
5410AWD70085,Glyn Estate,,,
5410AWD70086,Glyn Estate,,,
5410ANX17111,Ysgol David Hughes,,,
5410AWD70360,Fron Farm,,,
5410AWP26191,Fron Farm,,,
5410AWD70115,Felin Engan,,,
5410AWD70361,Felin Engan,,,
5410AWD70113,Llansadwrn Hall,,,
5410AWD70114,Llansadwrn Turn,,,
5410AWD70112,Llansadwrn Hall,,,
5410AWD70362,Llansadwrn Turn,,,
5410AWP26247,Garnedd Wen,,,
5410AWD70369,Garnedd Wen,,,
5410AWD70372,Rhoscefnir Turn,,,
5410WDB23573,Rhoscefnir Turn,,,
5410ANX17090,Post Office,,,
5410AWP26248,Post Office,,,
5410WDB23575,Industrial Estate,,,
5410WDB21800,Industrial Estate,,,
5410AWD70374,Penrallt,,,
5410WDB23577,Croesfryn,,,
5410WDB23576,Penrallt,,,
5410AWD70377,Llain Delyn,,,
5410WDB21801,Saron,,,
5410AWD70376,Croesfryn,,,
5410WDB23674,Parc Bach,,,
5410WDB23578,Llain Delyn,,,
5410AWD70378,Saron,,,
5410AWD70380,Nautilus,,,
5410AWD70379,Parc Bach,,,
5410AWD70382,Breeze Hill Hotel,,,
5410WDB21803,Health Centre,,,
5410AWP26250,War Memorial,,,
5410AWD70381,Breeze Hill,,,
5410AWQ26280,Rhostrefor Hotel,,,
5410AWD70383,Health Centre,,,
5410AWD70385,Refail Newydd,,,
5410AWD70384,War Memorial,,,
5410WDB23585,Y Bont,,,
5410WDB21802,Refail Newydd,,,
5410AWD70387,Fair Acre,,,
5410AWQ26282,Ty-Newydd,,,
5410AWD70386,Y Bont,,,
5410AWQ26277,Marian-glas Turn,,,
5410AWQ26283,Fair Acre,,,
5410WDB23586,Ty-Newydd,,,
5410AWQ26278,Marian-glas Turn,,,
5410WDB23765,Capel Paradwys,,,
5410AWD70398,Capel Paradwys,,,
5410AWD70397,Capel Paradwys,,,
5410WDB23672,Nant Bychan Estate,,,
5410AWD70399,Nant Bychan Estate,,,
5410AWD70400,Bus Station,,,
5410WDB23588,Pont Lligwy Caravan Park,,,
5410AWD70401,Pont Lligwy Caravan Park,,,
5410AWD70402,Fron Lligwy Caravan Park,,,
5410ANX17086,Fron Lligwy Caravan Park,,,
5410AWD70403,Capel,,,
5410ANX17084,Capel,,,
5410AWD70404,Pont Dulas,,,
5410WDB23589,Pont Dulas,,,
5410WDB23590,Llys Dulas Turn,,,
5410AWD70405,Llys Dulas Turn,,,
5410AWQ26189,Crossroads,,,
5410AWD70407,Y Bedol,,,
5410AWD70408,Dinorben Terrace,,,
5410AWD70406,Crossroads,,,
5410AWD70409,Bron yr Aur,,,
5410WDB23591,Y Bedol,,,
5410WDB23596,War Memorial,,,
5410WDB23592,Dinorben Terrace,,,
5410WDB23593,Bron yr Aur,,,
5410AWD70419,War Memorial,,,
5410AWD70418,Croesau-gwynion,,,
5410WDB23597,Croesau-gwynion,,,
5410AWD70417,Cerrig-man Shop,,,
5410WDB23598,Cerrig-man Shop,,,
5410WDB23605,Sports Centre,,,
5410AWD71743,Sports Centre,,,
5410WDB22857,Industrial Estate,,,
5410WDB22856,Industrial Estate,,,
5410AWD70415,Recreation Grounds,,,
5410AWD70416,Penycefn,,,
5410WDB23644,Lon Tarw,,,
5410AWD70426,Lon Tarw,,,
5410WDB23646,Betws Council Houses,,,
5410AWD70427,Betws Council Houses,,,
5410WDB23647,Gadlys Hotel Turn,,,
5410AWD70428,Gadlys Hotel Turn,,,
5410WDB21931,Cemaes Surgery,,,
5410AWD70429,Post Office,,,
5410ABCC9998,Gyferbyn Cemaes Surgery,,,
5400AWF80904,Tesco,,,
5400AWF80905,B&Q,,,
5400AWF80906,Menai Retail Park,,,
5400AWF80914,Railway Station,,,
5400GYX17366,Bron Derw Surgery,,,
5400AWP26482,The Play Centre,,,
5400AWP26483,Jewsons,,,
5400AWP26484,Llys Arthur,,,
5400AWF80413,Ysgol Glancegin,,,
5400AWP26485,Lon-y-Felin,,,
5400AWP26487,Police Houses,,,
5400GYX17355,Kiosk,,,
5400AWF80416,Bishop`s Mill Road,,,
5400AWP26488,Min y Ddol,,,
5400AWF80415,Kiosk,,,
5400AWF80414,Ffordd Tegai,,,
5400AWF80417,Maesgeirchen Circle West,,,
5400AWF80418,Maesgeirchen Circle East,,,
5400AWP26492,Llys Dyfrig,,,
5400AWF80422,Maes Isalaw,,,
5400GYX17367,Jewsons,,,
5400GYX17372,Bron Castell,,,
5400GYX17368,Friars Terrace,,,
5400AWF80420,Bron Derw Surgery,,,
5400ANX17081,Tan y Graig,,,
5400GYX17414,Menai Retail Park,,,
5400GYX17415,B&Q,,,
5410WDB23651,Sarn Estate,,,
5410AWD71739,Douglas Inn,,,
5410WDB47851,Pen-yr-osedd,,,
5410WDB47850,Pen-yr-osedd,,,
5410WDB21930,Garth,,,
5410AWD71738,Tyn y Gongl,,,
5410ANX17083,Rhydwyn Turn,,,
5410WDB23663,Rhydwyn Turn,,,
5410WDB23664,Rhos-ty-mawr,,,
5410AWD71733,Rhos-ty-mawr,,,
5410WDB23665,Coffee House,,,
5410WDB23667,Capel Abarim,,,
5410AWD71730,Capel Abarim,,,
5410AWQ26290,Post Office,,,
5410AWQ26286,Post Office,,,
5410AWD70108,Maes Gwyn Turn,,,
5410AWP26225,Allt Goch Lodge,,,
5410AWD70110,Ponc-y-Felin,,,
5410WDB23675,Maes Gwyn Turn,,,
5410AWD70111,Maes Gwyn Estate,,,
5410AWQ26243,Ponc-y-Felin,,,
5410AWD70099,Nursing Home,,,
5410AWP26240,Ty Gwyn,,,
5410AWD70109,Post Office,,,
5410AWD70091,Plas Rhianfa,,,
5410WDB21791,Gazelle Hotel,,,
5410AWD70095,West End,,,
5410AWD70101,Glanrafon House,,,
5400AWF80943,Adwy'r Nant,,,
5400WDB48341,Ffordd Pant,,,
5400GYX17303,Rhes Ogwen Terrace,,,
5400AWF80937,Glanffrydlas,,,
5400AWF80936,Spar,,,
5400AWF80950,Ysgol Penybryn,,,
5400AWF80935,Victoria Square,,,
5400WDB48321,Rhes Penrhyn Terrace,,,
5400AWF80948,Tan-y-gaer,,,
5400WDB23730,Ysgol Penybryn,,,
5400GYX17579,Victoria Square,,,
5400AWF80949,Tan-y-gaer,,,
5400GYX17578,Londis,,,
5400AWF80947,Tyddyn Uchaf,,,
5400WDB23731,Tyddyn Canol,,,
5400WDB23733,Capel Bethel,,,
5400AWF80954,Capel Bethel,,,
5400AWF80952,Sgwar,,,
5400WDB23734,Sgwar Rachub,,,
5400AWF80951,Maes Bleddyn,,,
5400WDB23736,Brynbella Hill,,,
5400WDB23735,Maes Bleddyn,,,
5400AWP26579,Brynbella Hill,,,
5400WDB48283,Bro Derfel,,,
5400WDB48282,Bro Derfel,,,
5400GYX17586,Maes Ogwen,,,
5400WDB48324,Pant yr Ardd,,,
5400AWF80942,Maes Ogwen,,,
5400GYX17573,Erw Faen,,,
5400WDB48325,Pant yr Ardd,,,
5400AWF80928,Railway Cottage,,,
5400GYX17574,Bro Syr Ifor North,,,
5400AWF80929,Erw Faen,,,
5400AWF80930,Bro Syr Ifor,,,
5400WDB23067,Llandegai Vicarage,,,
5400GYX17113,Llandegai Vicarage,,,
5400CWX02024,Bus Station,,,
5400GYX17357,Bus Station,,,
5410AWP26198,Station,,,
5410AWP26313,Bryn Salem,,,
5410AWP26330,Post Office,,,
5410AWD70039,Post Office,,,
5410WDB21992,Tan-y-Capel,,,
5410AWP26329,Railway Farm,,,
5410AWP26350,Railway Farm,,,
5410WDB23622,Hafan Deg,,,
5410AWD70079,Hafan Deg,,,
5410WDB23621,Halfway Terrace,,,
5410AWD70080,Halfway Terrace,,,
0610CH19051,Chester Bus Interchange (Stand N) Chester,,,
0610CH1054,Chester Bus Interchange,,,
0610CH19165,Chester Bus Interchange (Stand J) Chester,,,
0610CH19053,Chester Bus Interchange,,,
0610CH19048,Delamere Street,,,
0610CH1056,Bull & Stirrup,,,
0610CH19047,Delamere Street,,,
0610CH1508,Northgate Church,,,
0610CH743,Stagecoach Depot,,,
0610CH1510,Chester University,,,
0610CH1509,St Thomas Canterbury Church,,,
0610CH1511,Moss Bank,,,
0610CH1514,Abbots Park,,,
0610CH1512,Moss Bank,,,
0610CH1515,Esso Garage,,,
0610CH1513,Abbots Park,,,
0610CH1516,Mercedes-Benz Chester,,,
0610CH1416,Cemetery,,,
0610CH1415,Police Headquarters,,,
0610CH1414,Ludlow Road,,,
0610CH1413,Ludlow Road,,,
0610CH2480,Wordsworth Crescent,,,
0610CH2482,Tennyson Walk,,,
0610CH19090,Morgan Close,,,
0610CH2484,Browning Close,,,
0610CH2481,Donne Place,,,
0610CH19083,Griffin Close,,,
0610CH2485,Playground,,,
0610CH2487,Tudor Green,,,
0610CH2483,Browning Close,,,
0610CH2486,Playground,,,
0610CH1420,Willow Drive,,,
0610CH2488,Palatine Close,,,
0610CH1423,Wash Hall,,,
0610CH1421,Willow Drive,,,
0610CH616,Egerton Arms PH,,,
0610CH1422,Wash Hall,,,
0610CH1427,Aspen Grove,,,
0610CH1424,Egerton Arms PH,,,
0610CH2499,The Peg,,,
0610CH1426,Aspen Grove,,,
0610CH1428,The Ridings,,,
0610CH1429,Meadows Lane,,,
0610CH731,The Ridings,,,
0610CH19144,Fox Lea (cnr) Saughall,,,
0610CH1434,Aldersley Close,,,
0610CH727,The Ridings,,,
0610CH1433,All Saints' Church,,,
0610CH730,Saughall Hey,,,
0610CH501,All Saints' Church,,,
0610CH2497,Lodge Lane Terminus,,,
5140WDB25305,Bus Station,,,
5140AWD70629,The Gardens,,,
5140WRX02109,Yale College Flyover,,,
5140WDB22527,Westminster Drive,,,
5140AWD70661,Nightingale House,,,
5140AWD70630,Acton Corner,,,
5140AWD70660,Westminster Drive,,,
5140AWD70631,Acton Corner,,,
5140AWD70632,St Margaret`s Church,,,
5140AWD70633,Acton Park Hotel,,,
5140AWD70634,Acton Park Hotel,,,
5140WDB47958,Croes Eneurys,,,
5140AWD70635,Garden Court,,,
5140AWD70636,Bethel,,,
5140AWD70637,Newbrigg Road,,,
5140AWD70659,Smithy Garage,,,
5140AWD70638,Smithy Garage,,,
5140AWD70639,Acton Smithy,,,
5140WDB47957,The Sycamores,,,
5140WDB22526,Gresford Roundabout,,,
5140AWD70640,Gresford Roundabout,,,
5140AWD70642,Beeches Hotel,,,
5140AWD70641,Beeches Hotel,,,
5140AWD70658,Cross Trees House,,,
5140WDB22525,Cross Trees House,,,
5140AWD70643,Plough Inn,,,
5140AWD70644,Plough Inn,,,
5140WDB22524,Narrow Lane,,,
5140AWD70645,Narrow Lane,,,
5140AWD70646,Holly House,,,
5140WDB22523,Holly House,,,
5140AWD70657,Red Lion Hotel,,,
5140AWD70647,Red Lion Hotel,,,
5140AWD70648,Marford Hall,,,
5140WDB22522,Marford Hall,,,
5140AWD70649,Old Carriage Yard,,,
5140WDB22521,Old Carriage Yard,,,
5140AWD70651,Christ Church,,,
5140AWD70650,Alyn Bridge,,,
5140AWD70652,Butchers Arms,,,
5140WDB22519,Butchers` Arms,,,
5140AWD70653,Park View,,,
5140AWQ26512,St Peter`s School,,,
5140WDB22518,Darland Lane,,,
5140AWD70654,Darland Lane,,,
5140AWD70655,Veterinary Hospital,,,
5140AWD70656,Nag's Head,,,
0610CH1310,St Mary's Church,,,
0610CH1311,St Mary's Church,,,
0610CH1309,Oak Cottage,,,
0610CH1308,Firwood Farm,,,
0610CH1307,The Coach House,,,
0610CH1306,The Coach House,,,
0610CH1304,Bell Meadow Business Park,,,
0610CH1305,Bell Meadow Business Park,,,
0610CH1303,Straight Mile,,,
0610CH1302,Straight Mile,,,
0610CH1301,Grosvenor Garden Centre,,,
0610CH694,Grosvenor Garden Centre,,,
0610CH1300,Rake Lane,,,
0610CH1299,Rake Lane,,,
0610CH2523,Holiday Inn,,,
0610CH696,Holiday Inn,,,
0610CH2435,Lakewood,,,
0610CH2436,Lakewood,,,
0610CH603,Lakeside,,,
0610CH602,Lakeside,,,
0610CH2433,Bank of America,,,
0610CH2434,Bank of America,,,
0610CH2432,Marks & Spencer,,,
0610CH2431,Marks & Spencer,,,
0610CH2437,Herons Way,,,
0610CH2524,Kings School,,,
0610CH2438,Kings School,,,
0610CH2440,Ash Grove,,,
0610CH2525,Ash Grove,,,
0610CH2527,Grosvenor Nuffield Hospital,,,
0610CH2526,Grosvenor Nuffield Hospital,,,
0610CH19115,HQ,,,
0610CH2411,Cemetery,,,
0610CH2412,Grosvenor Street,,,
0610CH2410,HQ,,,
0610CH1049,Pepper Street,,,
0610CH2414,Grosvenor Street,,,
0610CH699,Vicar's Lane,,,
0610CH1026,Foregate Street Stop B,,,
0610CH2143,Hoole Way,,,
0610CH1027,Foregate Street Stop GG,,,
0610CH2396,Canal Bridge,,,
0610CH2395,Railway Station,,,
0610CH19054,Chester Bus Interchange,,,
0610CH1025,Foregate Street Stop GG,,,
0610CH1057,Lower Bridge Street,,,
0610CH1060,Esso Garage,,,
0610CH1061,St Mary's Church,,,
0610CH2500,Hugh Street,,,
0610CH1066,Overliegh Roundabout,,,
0610CH1064,River Lane,,,
0610CH1069,Cavendish Road,,,
0610CH1067,Overliegh Roundabout,,,
0610CH1071,Selkirk Drive,,,
0610CH2540,Woodlands Road,,,
0610CH1068,Howe Road,,,
0610CH1070,Selkirk Drive,,,
0610CH1072,Cliveden Road,,,
0610CH2542,St Mark's Road,,,
0610CH2541,St Mark's Road,,,
0610CH2543,Brewery Arms PH,,,
5120AWD71258,Anchor Hotel,,,
5120AWD71259,Anchor Hotel,,,
5120FLX17023,Police Station,,,
5120AWD71260,Police Station,,,
5120AWD71261,Park Avenue,,,
5120AWD71262,St David`s Retail Park,,,
5120AWD71263,Corner Pin,,,
5120AWD71275,Sandy Lane,,,
5120AWD71264,Sandy Lane,,,
5120AWD71276,North Street,,,
5120AWD71277,Saltney Ferry Road,,,
5120FLX17024,Well House Farm,,,
5120AWD71281,Hope`s Place Farm,,,
5120AWD71282,Bretton Lane End,,,
5120AWD71283,Bretton Lane End,,,
5120AWD71433,Glynne Arms,,,
5120FLX17025,Glynne Arms,,,
5120FLX17026,Tesco,,,
5120AWD71431,Tesco,,,
5120AWD71430,Airbus,,,
5120AWD71432,Airbus,,,
5120AWD71426,School,,,
5120AWD71424,Wynnstay Road,,,
5120AWD71425,Eaton Close,,,
5120AWD71427,Offa`s Dyke,,,
5120AWD71428,Coronation Road,,,
5120AWD71429,Shops,,,
5120WDB21654,Arriva Depot,,,
0610CH19046,Delamere Street,,,
0610CH1017,Foregate Street Stop AA,,,
0610CH1018,Foregate Street Stop BB,,,
5120FLX17086,King`s Head,,,
5120FLX17027,Wood Lane,,,
5120WDB22150,Wood Lane,,,
5120WDB47534,Manor Lane,,,
5120WDB47533,Manor Lane,,,
5120FLX17028,Manor Lane,,,
5120AWF80647,Manor Lane,,,
5120AWF80648,Raike Lane,,,
5120WDB21627,Raike Lane,,,
5120WDB22091,Moor Lane,,,
5120AWF80649,Moor Lane,,,
5120AWF80602,Mossley Court,,,
5120AWF80604,Glynne Arms,,,
5120AWF80601,Railway Station,,,
5120WDB22092,Groomscroft,,,
5120AWF80598,High School,,,
5120WDB21617,Railway Station,,,
5120AWF80597,Kersley Avenue,,,
5120AWF80600,Groomscroft,,,
5120AWF80599,High School,,,
5120WDB22173,Level Road,,,
5120AWF80596,Kersley Avenue,,,
5120AWF80595,Level Road,,,
5120AWF80594,Sycamore Lodge,,,
5120WDB22172,Sycamore Lodge,,,
5120WDB22322,Paradise Place,,,
5120AWF80593,Paradise Place,,,
5120WDB22171,The Gables,,,
5120AWF80592,The Gables,,,
5120AWF80591,Burnt Wood,,,
5120AWF80590,Burnt Wood,,,
5120AWF80588,Parrot Inn,,,
5120AWF80589,Parrot Inn,,,
5120AWF80587,Glynne Arms,,,
5120WDB22063,Horse and Jockey,,,
5120WDB21614,Glynne Arms,,,
5120WDB21612,Baptist Row,,,
5120AWF80586,Horse and Jockey,,,
5120AWF80585,Lanes End,,,
5120WDB22315,Coppa View,,,
5120AWD71404,Coppa View,,,
5120AWD71403,Tivoli,,,
5120WDB22067,Tivoli,,,
5120AWD71402,Black Lion,,,
5120AWD71399,Emmanuel Church,,,
5120AWD71401,Police Station,,,
5120AWD71397,Post Office,,,
5120WDB47538,Pren Hill,,,
5120AWD71400,White Lion,,,
5120AWD71396,Bistre Close,,,
5120AWD71395,Pren Hill,,,
5120WDB21616,Bod Offa Drive,,,
5120AWF80570,Carton Road,,,
5120AWD71394,Bod Offa Drive,,,
5120AWF80564,Dyke Avenue,,,
5120AWD71393,Mercia Drive,,,
5120AWF80565,Mountain View,,,
5120WDB22113,DEL Carton Road,,,
5120WDB22110,Ffordd Ogwen,,,
5120WDB22112,Dyke Avenue,,,
5120AWF80567,Elwy Close,,,
5120WDB22107,Aran Close,,,
5120WDB22108,Cherry Drive,,,
5120AWF80561,Heol Fammau,,,
5120WDB22111,Mountain View,,,
5120WDB22116,Moel Fammau Road,,,
5120AWF80566,Ffordd Ogwen,,,
5120WDB22109,Elwy Close,,,
5120AWF80568,Moelwyn Close,,,
5120AWF80569,Cherry Drive,,,
5120WDB22048,Mercia Square,,,
5120AWF80562,Llys Wylfa,,,
5120WDB22115,Heol Fammau,,,
5120WDB22049,Rose & Crown,,,
5120AWF80560,Moel Fammau Road,,,
5120WDB21615,Argoed View,,,
5120AWF80559,Rose & Crown,,,
5120AWF80557,Argoed View,,,
5120FLX17078,Leadmill Bridge,,,
5120AWF80556,Flintshire County Hall,,,
5120AWD71389,Bus Station,,,
5120AWF80505,Leadmill Bridge,,,
5120WDB21525,Bus Station,,,
5120WDB21838,Glynne Arms,,,
5120WDB22056,Mercia Drive,,,
5120WDB22054,Griffin Inn,,,
5120WDB22055,Bryn Offa,,,
5120AWD71390,Wood Green,,,
5120AWF80563,Mercia Square,,,
5120WDB22114,Llys Wylfa,,,
5120WDB21526,Bus Station,,,
5120WDB21524,Bus Station,,,
5120WDB21609,Wood Green,,,
5120AWD71320,Campus,,,
5120WDB47562,Campus,,,
5120AWD71391,Bryn Offa,,,
5120AWD71392,Griffin Inn,,,
5120WDB22064,Mill Lane Surgery,,,
5120AWF80970,Mill Lane Surgery,,,
5120WDB22065,Hawkesbury Road,,,
5120FLX17117,Hawkesbury Road,,,
5120WDB47581,Buckley Medical Cente,,,
5120WDB47578,Buckly Medical Centre,,,
5120WDB22066,Belmont Crescent,,,
5120AWF80968,Post Office,,,
5120WDB22097,Post Office,,,
5120WDB22096,St Matthew`s Park,,,
5120FLX17104,St Matthew's Park,,,
5120AWF80967,Red Lion Inn,,,
5120WDB22095,Red Lion Inn,,,
5120WDB22094,Smithy Lane,,,
5120FLX17068,Smithy Lane,,,
5120WDB22350,Dovey Cottages,,,
5120AWF80966,Dovey Cottages,,,
5120AWF80964,School,,,
5120AWF80965,School,,,
5120AWF80963,Boar`s Head,,,
5120WDB22093,Boar`s Head,,,
5120WDB22493,Plough Inn,,,
5120AWF80624,Plough Inn,,,
5120WDB21643,South Bank,,,
5120AWF80625,South Bank,,,
5120AWF80626,Chevrons Road,,,
5120WDB21642,Chevrons Road,,,
5120WDB22499,Deva Business Park,,,
5120WDB47547,Cycle Bridge,,,
5120AWF80673,Welsh Road,,,
5120WDB47598,Tenth Avenue Stop 3,,,
0610EP1003,Coliseum & Cinema,,,
0610EP1006,Outlet Village,,,
0610EP1002,Blue Planet Aquarium,,,
0610CH1053,Bus Interchange,,,
0610CH1499,Gladstone Avenue,,,
0610CH1597,Stadium Way,,,
0610CH594,Upper Northgate St,,,
0610CH1455,Tesco,,,
0610CH2405,Charlotte Street,,,
0610CH1456,B&Q Sealand Rd,,,
0610CH1458,Employment Park,,,
0610CH1497,Sedgefield Road,,,
0610CH1496,Stadium Way,,,
0610CH1495,Tesco,,,
0610CH1457,B&Q  Sealand Rd,,,
0610CH19072,Park & Ride,,,
0610CH1459,Employment Park,,,
0610CH1461,Park & Ride,,,
5120AWF80664,Western Avenue,,,
0610CH1470,Western Avenue,,,
5120WDB21639,Burgess,,,
5120AWF80663,Burgess,,,
5120AWF80662,Deeside Lane,,,
5120WDB21636,Deeside Lane,,,
5120WDB21637,Brooklyn Farm,,,
5120AWF80660,Home Farm,,,
5120AWF80661,Brooklyn Farm,,,
5120AWF80665,Manor Road Turn,,,
5120WDB21638,Home Farm,,,
5120WDB22103,Manor Road Turn,,,
5120AWF80696,Deeside Leisure Centre,,,
5120WDB21629,Deeside Leisure Centre,,,
5120AWF80695,Shotton B&Q,,,
5120WDB21630,Shotton B&Q,,,
5120WDB21631,Ash Grove,,,
5120AWF80693,Ash Grove,,,
5120AWF80691,Chester Rd West,,,
5120AWF80692,Chester Rd West,,,
5120AWF80690,War Memorial,,,
5120WDB21633,War Memorial,,,
5120AWF80689,Boathouse Inn,,,
5120WDB21635,Boathouse Inn,,,
5120WDB21649,Deans Place,,,
5120AWF80686,Hare & Hounds,,,
5120AWF80685,Garthope Avenue,,,
5120AWF80687,Deans Place,,,
5120WDB21648,Hare & Hounds,,,
5120WDB22125,Celyn Avenue,,,
5120AWF80728,Celyn Avenue,,,
5120WDB22124,Red Hall Precinct,,,
5120AWF80727,Red Hall Precinct,,,
5120WDB22123,River View,,,
5120AWF80726,River View,,,
5120AWF80684,Swan Inn,,,
5120WDB21646,Swan Inn,,,
5120AWF80683,Halfway House,,,
5120AWF80682,Halfway House,,,
5120WDB22122,Ysgol Golfyn,,,
5120AWF80725,York Road Top,,,
5120WDB22117,York Road Top,,,
5120WDB47595,Connah's Quay High School,,,
5120WDB22118,Golftyn Drive Entrance,,,
5120WDB22119,Viking Way,,,
5120WDB22120,High Vale,,,
5120AWF80724,Golftyn Drive Entrance,,,
5120WDB47552,Quay Shopping Centre,,,
5120FLX17037,Quay Shopping Centre,,,
5120AWF80723,Viking Way,,,
5120AWF80722,High Vale,,,
0610CH19174,Earls Port,,,
5120WDB21647,Garthorpe Avenue,,,
5120AWF80681,Deeside College,,,
5120WDB21645,Deeside College,,,
5120WDB21644,Kelsterton Lane,,,
5120AWF80680,Kelsterton Lane,,,
5120WDB47561,Cemetery Gates,,,
5120AWF80734,Rockliffe Lane,,,
5120WDB47560,Cemetery Gates,,,
5120AWF80736,Papermill Lane,,,
5120AWF80735,Rockliffe Lane,,,
5120AWF80737,Leadbrook Drive,,,
5120WDB46561,Papermill Lane,,,
5120WDB46562,Yacht,,,
5120AWF80738,Leadbrook Drive,,,
5120WDB46563,Caeser Avenue,,,
5120AWF80739,Yacht,,,
5120AWF81006,Caesar Avenue,,,
5120AWF81007,Albert Avenue,,,
5120AWF81011,Tradesman`s Arms,,,
5120AWF81008,Kings Avenue,,,
5120AWF81009,Trelawney Avenue,,,
5120WDB22485,Swan Hotel,,,
5120AWF80997,McDonalds,,,
5120WDB22486,Trelawney Avenue,,,
5120AWF81010,Swan Hotel,,,
5120AWF80996,Ship,,,
5120AWF80995,Aber Park,,,
5120WDB47596,Chester Road,,,
5120AWF80732,St David`s Church,,,
5120AWF80731,Alwen Drive,,,
5120FLX17034,Hall Lane,,,
5120WDB22134,Hawthorn Avenue,,,
5120FLX17036,Wharfdale Avenue,,,
5120FLX17096,Ysgol Golfyn,,,
0610CH19287,Chester Northgate,,,
0610CH2399,Black Friars,,,
5120AWF80603,Memorial,,,
5120WDB21628,Bennetts Lane,,,
5120AWF80605,Bennetts Lane,,,
5120WDB21622,Park Avenue,,,
5120AWF80652,Park Avenue,,,
5120AWF80653,Cottage Lane,,,
5120AWF80654,Clay Hill Lane,,,
5120AWF80655,Dyfed Drive,,,
5120WDB21623,Cottage Lane,,,
5120WDB21625,Clay Hill Lane,,,
5120WDB21619,Dyfed Drive,,,
5120AWF80628,Solar Services,,,
0610CH1052,Visitor's Centre Coach Stop,,,
5120WDB21632,Aber Park,,,
5120WDB46558,McLeans,,,
5120AWF80994,McLeans,,,
5120WDB46564,Manor Drive,,,
5120AWF80800,Manor Drive,,,
5120WDB22484,Tyddyn Mesham,,,
5120AWF80799,Tyddyn Mesham,,,
5120WDB22483,Blossoms Inn,,,
5120AWF80801,Blossoms Inn,,,
5120WDB22482,St Mary`s Church,,,
5120AWF80804,Bagillt Arms Hotel,,,
5120AWF80803,St Mary`s Church,,,
5120WDB22480,Post Office,,,
5120WDB22481,Bagillt Arms Hotel,,,
5120AWF80806,War Memorial,,,
5120AWF80805,Post Office,,,
5120AWF80807,Feathers,,,
5120WDB22335,War Memorial,,,
5120AWF80808,Coach House,,,
5120WDB22336,Feathers,,,
5120WDB22337,Coach House,,,
5120AWF80779,Boot and Ship Hotel,,,
5120WDB22460,Boot and Ship Hotel,,,
5120AWF80778,Riverbank,,,
5120WDB22414,Riverbank,,,
5120WDB47572,Bus Station,,,
5120AWF80777,Bus Station,,,
0610CH1411,Lichfield Road,,,
0610CH1409,Stamford Road,,,
0610CH1408,Blacon Parade,,,
0610CH1406,The Arches School,,,
0610CH1479,The Highfield,,,
0610CH1476,Furne Road,,,
0610CH601,Cairns Crescent,,,
0610CH2492,High School,,,
0610CH2493,High School,,,
0610CH1452,Adelaide Road,,,
0610CH1492,Rhuddlan Road,,,
0610CH1490,Treborth Road,,,
0610CH1488,Muir Road,,,
0610CH2496,Dalton Close,,,
0610CH1484,Highfield School,,,
0610CH1482,St Chad's Road,,,
0610CH1397,The Lodge,,,
0610CH1396,Cranleigh Crescent,,,
0610CH1506,Stadium Way,,,
0610CH1454,Garden Lane,,,
0610CH1507,Walpole Street,,,
0610CH2404,Canal Street,,,
0610CH1153,Abbot's Grange,,,
0610CH1115,Waterloo Road,,,
0610CH1117,Abbot's Drive,,,
0610CH2479,Main Entrance,,,
0610CH1128,Egerton Arms PH,,,
0610CH1127,Countess Hospital,,,
0610CH511,The Little Owl,,,
0610CH1395,Cranleigh Crescent,,,
0610CH510,The Little Owl,,,
0610CH1412,Lichfield Road,,,
0610CH1410,Stamford Road,,,
0610CH1407,Blacon Parade,,,
0610CH1405,The Arches School,,,
0610CH1478,The Highfield,,,
0610CH1477,Furne Road,,,
0610CH703,Cairns Crescent,,,
0610CHE6114,J H Godwin Primary School,,,
0610CH2491,High School,,,
0610CH2494,High School,,,
0610CH1451,Adelaide Road,,,
0610CH1494,Rhuddlan Road,,,
0610CH1491,Treborth Road,,,
0610CH1489,Dyserth Road,,,
0610CH1486,Bridgeman Road,,,
0610CH1485,Graham Road,,,
0610CH1481,St Chad's Road,,,
0610CH1480,The Lodge,,,
0610CH1114,Dawson Drive,,,
0610CH739,Waterloo Road,,,
0610CH1116,Abbot's Drive,,,
0610CH1118,Countess Hospital,,,
0610CH1376,Countess Roundabout (nr) Bache,,,
0610CH2478,Maternity Wing (o/s) Bache,,,
5120WDB47579,Jasmin Parc,,,
5120AWF80606,Crown and Liver,,,
5120WDB22168,Carlines Park,,,
0610CH19049,Chester Bus Interchange,,,
0610CH19175,Walpole Street,,,
0610CH1453,Garden Lane,,,
0610CH1394,Nationwide Auto Centre,,,
5120AWF80607,Crown and Liver,,,
5120AWF80608,Carlines Park,,,
5120AWF80969,Belmont Crescent,,,
5110AWF80131,Bus Station,,,
5110WDB21736,Bus Station,,,
5110WDB21737,Bus Station,,,
5110AWF80130,Eden Avenue,,,
5110WDB46586,Eden Avenue,,,
5110WDB48359,St Elmo's Drive,,,
5110WDB48358,St Elmo's Drive,,,
5110WDB48360,Prestatyn High School,,,
5110WDB48361,Prestatyn High School,,,
5110AWF80121,Manod Road,,,
5110AWF80120,Melyd Arms,,,
5110WDB46680,Ffordd Ty Newydd,,,
5110AWF80119,Caravan Site,,,
5110AWF80118,Ffordd Ty Newydd,,,
5110AWF80117,Graig Park Hotel,,,
5110DGX17028,Haulfre,,,
5110DGX17032,Treetops Court,,,
5110AWD72139,Parliament House,,,
5110AWD72141,Ffordd Dewi,,,
5110AWD72140,Vicarage Lane,,,
5110DGX17030,Marsh Warden,,,
5110AWD72138,Marsh Warden,,,
5110AWD71466,Meadow Brook Farm,,,
5110AWD71465,College,,,
5110WDB46621,College,,,
5110AWD71467,Bryn Carrog Farm,,,
5110AWD71468,Glan Clwyd Hospital,,,
5110WDB46626,Vicarage Close,,,
5110AWD71469,Vicarage Close,,,
5110WDB46624,Lowther Arms,,,
5110AWD71470,Lowther Arms,,,
5110AWD71471,Post Office,,,
5110WDB48384,Victoria Garage,,,
5110AWD71473,Ffordd Terfyn,,,
5110WDB48387,Ffordd Terfyn,,,
5130AWQ26450,Bod Tegwal,,,
5130AWF80106,Bod Tegwal,,,
5130AWF80105,Toll Bar,,,
5130WDB23068,Toll Bar,,,
5130AWA17202,Ty Gwyn Jones,,,
5130AWA17201,Ty Gwyn Jones,,,
5130AWD72342,George & Dragon,,,
5130AWA16955,Tesco Car Park,,,
5130AWD72341,Broadway,,,
5130WDB47521,Abergele Town Hall Q,,,
5130AWA17160,Eldon Drive,,,
5130WDB47519,North Wales Business Park,,,
5130AWA17159,Hen Wrych,,,
5130AWD72339,Hen Wrych,,,
5130AWD72338,Beach House,,,
5130AWA17157,Beach House,,,
5130AWD72336,Fair View Inn,,,
5130AWA17156,Fair View Inn,,,
5130AWD70351,Dulas Arms,,,
5130AWD70352,Dulas Arms,,,
5130AWA17155,Clobryn Road,,,
5130AWD70350,Clobryn Road,,,
5130ANZ12680,Raynes Quarry,,,
5130AWD70349,Highlands Road Turn,,,
5130AWD72335,Bryn Gorwel,,,
5130ANZ12681,Highlands Road,,,
5130AWA17203,Y Gilan,,,
5130AWD72334,Y Gilan,,,
5130AWD72329,Gadlas Road Shops,,,
5130AWD72328,Rhodfa Lwyd,,,
5130AWA17185,Glyndwr Road Middle,,,
5130AWA17184,Bowling Green,,,
5130AWD72327,Alltwen,,,
5130AWA17186,Gamar Road,,,
5130AWA17187,St Cynfran`s Church,,,
5130AWA17188,Semaphore Lodge,,,
5130AWD72324,Semaphore Lodge,,,
5130AWD72323,Bryn Awel,,,
5130AWA17189,Bryn Awel,,,
5130AWA17190,Tan-y-Graig Road,,,
5130AWD72322,Tan-y-Graig Road,,,
5130AWD72321,Glas Coed,,,
5130AWA17191,Glas Coed,,,
5130WDB21843,Maenen,,,
5130AWD72320,Maenen,,,
5130WDB24002,Llysfaen Road Turn,,,
5130WDB24003,Llysfaen Road Turn,,,
5130WDB24001,Highlands Road North,,,
5130WDB24000,Highlands Road North,,,
5130AWD70348,Penmaenhead,,,
5130WDB23999,Miners` Lane,,,
5130AWD70347,Miners` Lane,,,
5130AWD70345,Lyndale Hotel,,,
5130AWD70346,Queen`s Court,,,
5130AWM21049,Wynn Gardens,,,
5130AWD70344,Wynn Gardens,,,
5130AWD70341,Ship Inn,,,
5130AWD70343,Bethesda,,,
5130AWD70354,St Catherine's Church,,,
5130AWD70340,Church Walks,,,
5130AWD70339,Marine Hotel,,,
5130CWX02033,Marine Hotel,,,
5130AWA17154,Hesketh Road,,,
5130AWD70338,Hesketh Road,,,
5130AWA17153,Eirias Park Gates,,,
5130AWD70337,Eirias Park Gates,,,
5130AWD70335,Dingle Hill,,,
5130AWD70336,Dingle Hill,,,
5130AWD70333,Greenfield Road,,,
5130AWA17152,Greenfield Road,,,
5130AWD70332,St Paul`s Church,,,
5130AWD70331,Central Hotel,,,
5130AWD70330,Kwiks,,,
5130AWD70328,Pwllycrochan Avenue,,,
5130AWD70329,Kwiks,,,
5130AWD70326,Egerton Road,,,
5130AWD70327,Rysseldene Surgery,,,
5130AWD70325,West End,,,
5130AWD70324,West End,,,
5130WDB24083,Lookers,,,
5130AWD70323,Lookers,,,
5130AWD70322,Tan-y-Bryn,,,
5130WDB24084,Tan-y-Bryn,,,
5130WDB24085,Colwyn Bay Crematorium,,,
5130WDB24086,Bevan Avenue,,,
5130AWD70321,Crematorium,,,
5130AWD70318,Llys Ednyfed,,,
5130AWD70320,Bevan Avenue,,,
5130AWD70319,Wern Crescent,,,
5130AWD70315,Post Office,,,
5130AWD70317,Post Office,,,
5130AWD70314,Business Park,,,
5130WDB24087,Business Park,,,
5130AWD70313,Nurseries,,,
5130WDB24088,Nurseries,,,
5130AWD70312,Dolwyd Crescent,,,
5130WDB24089,Dolwyd Crescent,,,
5130AWD70311,Black Cat Roundabout,,,
5130CWX02034,Black Cat Roundabout,,,
5130AWD72403,Fforddlas Mill,,,
5130AWQ26436,Cross Keys,,,
5130AWD72397,Dyffryn Conwy,,,
5130AWD72395,Conwy Court,,,
5130AWD72396,Cross Keys,,,
5130WDB21845,Old Rectory,,,
5130WDB24110,Conway Court,,,
5130WDB24198,Capel Pensarn,,,
5130AWD70309,Capel Pensarn,,,
5130WDB24197,Trem yr Afon,,,
5130AWD70308,Trem yr Afon,,,
5130AWD70307,Preswylfa,,,
5130AWD70306,Preswylfa,,,
5130AWD70304,Station,,,
5130AWD70303,Station,,,
5130AWD72266,Farmers Arms,,,
5130AWD72246,Playground,,,
5130AWD72263,Penley,,,
5130AWD72261,Bryn-Maelgwyn,,,
5130WDB47985,Llanrhos Post Office,,,
5130AWD72257,Bryn-y-Fedwen,,,
5130AWD72255,Conway Crescent,,,
5130AWD71179,Ty Mawr,,,
5130WDB23868,Farmers Arms,,,
5130AWD72245,Bethel,,,
5130AWD72247,High Pastures,,,
5130WDB23867,Penley,,,
5130AWD72262,Bwthyn-y-gwenyn,,,
5130AWD72260,Brynmaelgwyn Cottages,,,
5130AWD72259,Plas Mariandir,,,
5130AWD72258,Bryn-y-Fedwen,,,
5130WDB24193,Fire Station,,,
5130WDB47984,Builders Street West,,,
5130WDB23927,Police Station,,,
5130AWD72332,Old Terminus,,,
5130AWD72331,Capel Bethel,,,
5130AWD72330,Glyndwr Road Middle,,,
5130AWD72326,Gamar Road,,,
5130AWD72325,St Cynfran`s Church,,,
5130AWQ26440,Fiveways,,,
5130AWD72297,Whitehall Road,,,
5130AWD72296,St George`s Road,,,
5130ANZ12682,Cayley Arms,,,
5130AWQ26439,Fiveways,,,
5130AWD72298,Whitehall Road,,,
5130AWD72294,Colwyn Avenue,,,
5130AWD72292,South Place,,,
5130AWA17150,St George`s Road,,,
5130AWD72295,Cayley Arms,,,
5130AWD72291,Church Road Bottom,,,
5130AWD72288,Elwy Road Top,,,
5130AWD72289,Methodist Church,,,
5130AWD72287,Elwy Road Middle,,,
5130AWA17183,Elwy Road Middle,,,
5130AWA17182,Post Office,,,
5130AWD72293,Colwyn Avenue,,,
5130AWA17149,South Place,,,
5130WDB24054,Church Road Bottom,,,
5130AWA17181,Post Office,,,
5130AWA17194,Orme Point,,,
5130AWD71256,Orme Point,,,
5130AWA17195,Rhos-on-Sea Golf Club,,,
5130AWA17196,Beach Cafe,,,
5130AWA17197,Hafod Road West,,,
5130AWD71255,Rhos-on-Sea Golf Club,,,
5130AWD71254,Beach Cafe,,,
5130AWD71253,Hafod Road West,,,
5130AWA17198,Roundabout,,,
5130AWD71252,Kwiksave,,,
5130AWD71251,Penrhynside,,,
5130AWA17180,Penrhynside,,,
5130AWQ26445,Ty Gwyn,,,
5130AWD71250,Cwrt Bryn-y-Bia,,,
5130AWP26585,Ty Gwyn,,,
5130AWP26586,Bryn-y-Bia Lodge,,,
5130AWD71248,Bryn-y-Bia Lodge,,,
5130AWA17142,Glanrafon Avenue,,,
5130AWA17143,Glanrafon Avenue,,,
5130AWA17141,Ormefield House,,,
5130AWD71247,Ffynnon Sadwrn,,,
5130AWP26581,Nant-y-Gamer,,,
5130AWD71246,Nant-y-Gamar,,,
5130AWD71245,Carmen Sylva Road,,,
5130AWD71244,Carmen Sylva Road,,,
5130AWD71243,Craig-y-Don,,,
5130AWD71190,West Shore Roundabout,,,
5130AWA17199,One Stop,,,
5130AWD71188,Gt Ormes Road,,,
5130AWD71187,Bryniau Road,,,
5130AWQ26444,Bryniau Road,,,
5130AWA17200,West Shore Social Club,,,
5130AWD71186,West Shore Social Club,,,
5130AWD72299,Methodist Church,,,
5130WDB24059,High Lane,,,
5130AWD72300,High Lane,,,
5130WDB24060,Ship Hotel,,,
5130AWD72284,Ship Hotel,,,
5130AWA17145,Dinerth Park,,,
5130AWD72275,Llandrillo Tech College,,,
5130AWD72276,Dinerth Park,,,
5130AWD72274,Llandrillo Tech College,,,
5130AWD72272,Toll Bar,,,
5130AWP26583,St David`s Road,,,
5130AWQ26443,Post Office,,,
5130AWD72270,St David`s Road,,,
5130AWD72271,Roundabout,,,
5130AWP26584,Roundabout,,,
5130WDB22002,Ysgol John Bright,,,
5130AWD70280,Marina,,,
5130AWA17179,Gorsefield Road,,,
5130AWD70283,Bryn Morfa,,,
5130AWA17178,Bryn Morfa,,,
5130AWD70282,Gorsefield Road,,,
5130CWX02035,Caravan Park,,,
5130AWD72315,St David`s Road,,,
5130AWD72313,Wynnstay Road,,,
5130AWD72312,Wynn Avenue,,,
5130AWD72309,Cefn Lodge,,,
5130AWD72308,Peulwys Lane,,,
5130WDB24194,Football Ground,,,
5130WDB24070,Pentre Newydd,,,
5130WDB24195,Kennedy Court,,,
5130WDB47979,Bay View Road,,,
5130AWD70334,Railway Station,,,
5130ABC99999,Colwyn Bay Railway Station,,,
5130AWF80375,West End,,,
5130AWF80378,St Andrew`s Road Middle,,,
5130WDB24069,Bryn Cadno Community Centre,,,
5130WDB24068,Bryn Celyn,,,
5130AWF80379,Colwyn Heights,,,
5130WDB24066,Sunningdale Avenue,,,
5130AWF80377,Taylor`s,,,
5130AWM21048,St Andrew`s Road,,,
5130AWD72305,Kennedy Court,,,
5130AWD72306,Pentre Newydd,,,
5130AWD72307,Football Ground,,,
5130AWD72310,Llys Colwyn Path,,,
5130WDB24065,Llys Dedwydd,,,
5130WDB24064,Llys Dedwydd,,,
5130AWD72302,Ebberston Road West,,,
5130WDB24063,Cedar Grove,,,
5130WDB24062,Cedar Grove,,,
5130AWD72301,Hanover Court,,,
5130WDB47987,Co-op,,,
5130AWD72290,Mauldeth Road,,,
5130AWM21045,Rhos Manor,,,
5130WDB24055,Church,,,
5130AWM21046,Church,,,
5130AWM21043,Newton Mount,,,
5130WDB24056,Cranford Court,,,
5130WDB24061,School,,,
5130AWD71257,Church Road PO,,,
5130AWD72286,Church Road Middle,,,
5130AWA17147,Ship Hotel,,,
5130AWD72285,Ship Hotel,,,
5130AWD72277,Bryn Defaid,,,
5130WDB47819,Bryn Defaid,,,
5130AWD72278,Cambrian Way,,,
5130AWD72279,Cambrian Drive,,,
5130WDB47816,Cambrian Drive North,,,
5130WDB47817,Cambrian Drive South,,,
5130AWD72280,Cambrian Drive South,,,
5130AWD72282,Bron-y-nant Cemetery,,,
5130WDB47966,Narrow Lane,,,
5130AWD70310,Narrow Lane,,,
5130WDB47967,WAG Offices,,,
5130AWD70302,Tesco,,,
5130AWD72411,Hen Efail,,,
5130AWD72410,Bee,,,
5130AWD72409,Ffordd Gyffylog,,,
5130WDB24117,Glan Aber,,,
5130AWD72408,Pen-y-graig,,,
5130WDB24199,Bee,,,
5130WDB24115,Clwt Cottages,,,
5130WDB24200,Ffordd Gyffylog,,,
5130WDB24116,Glan Aber,,,
5130WDB24201,Pen-y-graig,,,
5130WDB21848,Bodnant Gardens,,,
5130WDB24114,Clwt Cottages,,,
5130WDB21847,Bodnant Road Top,,,
5130AWD72406,Bodnant Gardens,,,
5130WDB21846,Croesau,,,
5130AWD72405,Bodnant Road Top,,,
5130WDB24112,Parrys,,,
5130AWD72404,Croesau,,,
5130WDB24113,Parrys,,,
5130WDB24202,Glan-y-Mor,,,
5130AWD72402,Glan-y-Mor,,,
5130AWD72401,Abbeyfield,,,
5130AWD72400,Ty`n Celyn Methodist Church,,,
5130WDB24111,Trem Afon,,,
5130CWX02046,Parc Derwen Middle,,,
5130AWD72398,Victoria Terrace,,,
5130AWD72394,Old Rectory,,,
5130WDB24109,Black Cat Roundabout,,,
5130AWD70359,Black Cat Roundabout,,,
5130WDB24039,Cilgwyn,,,
5130WDB24040,Cilgwyn,,,
5130WDB24046,Narrow Lane,,,
5130WDB24047,Narrow Lane,,,
5130CWX02025,Nant y Coed,,,
5130WDB24048,Ysgol Nant y Coed,,,
5130WDB24049,Ysgol Nant y Coed,,,
5130WDB24050,Walton Crescent,,,
5130WDB24051,Walton Crescent,,,
5130WDB24052,Maes Derw,,,
5130WDB24053,Maes Derw,,,
5130AWD72244,Albert Drive Corner,,,
5130ANZ16835,Ysbyty Llandudno,,,
5130AWD71219,Ysbyty Llandudno,,,
5130CWX02069,Marlborough Place,,,
5130AWD71229,Railway Station,,,
5130AWP26623,Trinity Square,,,
5130AWD71228,Augusta Passage,,,
5130ABC99993,Llandudno Railway Station,,,
5130AWD71204,Trinity Square,,,
5130WDB21559,Summit,,,
5130AWA17206,Halfway Station,,,
5130AWD71198,Ty`n-y-Coed Terminus,,,
5130AWQ26442,Ysgol y Wyddfid,,,
5130AWD71196,Black Gate,,,
5130CWX02070,Craig-y-don Community Centre,,,
5130AWD71232,Liddell Drive,,,
5130WDB23863,Balfour Road,,,
5130AWD71235,Vicarage Avenue,,,
5130CWX02071,Elwy Gardens,,,
5130AWD71237,Vincent Avenue,,,
5130AWD71238,Maenan Road,,,
5130AWD71239,Gwydyr Gardens,,,
5130WDB24292,Gwynant Court,,,
5130WDB24291,Cwm Howard Lane,,,
5130AWM21044,Ysgol William Davies,,,
5130AWD71215,Parc Bodnant,,,
5130AWD71223,Dinas Road,,,
5130AWD71194,Lloyd Street,,,
5130AWD71197,Ysgol y Wyddfid,,,
5130AWD71199,Halfway Station,,,
5130AWD70356,Glyn Estate Playground,,,
5130AWD70355,Llys Elian,,,
5130AWD70358,Maes-y-Glyn,,,
5130WDB24071,Heol Dirion,,,
5130AWD70357,Glyn Estate Flats,,,
5130AWQ26434,Eirias High School,,,
5130AWP26425,Cadnant Park,,,
5130AWD70293,YHA,,,
5130WDB23993,Parc Sychnant,,,
5130WDB23994,Pengarth West,,,
5130WDB23996,Pengarth Middle,,,
5130WDB23997,Pengarth East,,,
5130AWD70295,Post Office,,,
5130WDB24122,Is Coed,,,
5130WDB24124,Bryn Benarth,,,
5130WDB24125,Bryn Castell,,,
5120ABC80793,Airbus Broughton,,,
5110AWA03916,Bus Station,,,
5110AWD72156,Bus Station,,,
5110AWD72213,Crescent Road,,,
5110WDB24250,Crescent Road,,,
5110WDB24249,Palace Avenue,,,
5110WDB24248,Westbourne Avenue,,,
5110WDB24247,Marine Lake,,,
5110AWD72214,Palace Avenue,,,
5130WDB24255,Ferry Q,,,
5110AWD72215,Westbourne Avenue,,,
5130AWF80089,Betws Avenue,,,
5110AWD72216,Marine Lake,,,
5130AWF80088,Ferry,,,
5130WDB24256,Betws Avenue Q,,,
5130AWA17177,Community Centre,,,
5130AWF80090,Crossroads,,,
5130AWA17176,Sandy Cove,,,
5130AWF80091,Sandy Cove,,,
5130AWA17175,Winkups Caravan Park,,,
5130AWF80092,Winkups Caravan Park,,,
5130AWA17174,Peris Avenue,,,
5130AWF80093,Peris Avenue,,,
5130AWA17173,Bryn Road,,,
5130AWF80094,Seagull Inn,,,
5130AWF80096,Wendover Inn,,,
5130AWA17172,Towyn Way West,,,
5130AWA17171,Wendover Inn,,,
5130AWF80097,Madeley`s Caravan Park,,,
5130AWA17170,Madeleys Caraven Park,,,
5130AWA17169,Haven Holiday Park,,,
5130AWA17168,Ty Gwyn Caravan Park,,,
5130AWF80098,Haven Holiday Park,,,
5130AWF80099,Ty Gwyn Caravan Park,,,
5130AWF80100,Seafield Drive,,,
5130AWA17167,Seafield Drive,,,
5130AWA17166,Glan Dwr,,,
5130AWF80102,Harts Caravan Park,,,
5130AWF80101,Glan Dwr,,,
5130AWA17165,Harts Caravan Park,,,
5130AWF80103,Post Office,,,
5130AWA17164,Post Office,,,
5130AWA17163,Station,,,
5130AWF80104,Station,,,
5130AWA17162,Maes Canol,,,
5130AWD72346,Maes Canol,,,
5130AWD72345,Surgery,,,
5130AWD72344,Bowling Green,,,
5130AWA17161,Surgery,,,
5130CWX02031,Bowling Green,,,
5130WDB47520,Abergele Town Hall Q,,,
5130AWD72340,Castle Gates,,,
5130ANZ12679,Raynes Quarry,,,
5130AWD70342,Surgery,,,
5130AWA17151,Allanson Road Q,,,
5130AWA17144,Llandudno Road Q,,,
5130AWD72273,Llandudno Road Q,,,
5110AWA03914,Bus Station,,,
5110WDB48302,Bus Station,,,
5110WDB47565,Bodfor Street,,,
5110WDB46672,Sea Life Aquarium,,,
5110AWD72222,Garden of Remembrance,,,
5110AWD72223,Sun Centre,,,
5110AWD72224,Royal Alexandra Hospital,,,
5110AWD72225,Old Golf Road,,,
5110AWD72226,Medea Drive,,,
5110AWD72227,Denmore Stores,,,
5110AWD72230,Golf Club,,,
5110AWD72231,Lyons Holiday Camp,,,
5110AWD72232,Robin Hood Camp,,,
5110WDB48307,Sherwood Avenue,,,
5110AWF80149,Arfon Avenue,,,
5110AWF80148,Earlswood Avenue,,,
5110WDB46679,Brig-y-Don,,,
5110WDB48351,Ffrith Hotel,,,
5110AWF80159,The Broadway,,,
5110AWF80164,Burlington Drive,,,
5110AWF80146,Ffrith Beach,,,
5110WDB46596,Glandwr,,,
5110AWF80142,Sea Road,,,
5110WDB46584,Royal Victoria Hotel,,,
5110WDB48352,Ffordd Penrhwylfa,,,
5110WDB48305,Cardiff Way,,,
5110AWF80125,Penrhwylfa Crossroads,,,
5110WRX02159,The Meadows,,,
5110AWF80126,Tip Lane,,,
5110AWF80127,St Andrews Drive,,,
5110WDB48355,Maes Tegid Stores,,,
5110WDB48362,Star Inn,,,
5110WDB48364,Trading Estate,,,
5110WDB48372,Celyn,,,
5110DGZ00221,Carreg Heilin,,,
5110AWF80113,Pendref Farm,,,
5110WDB48436,Dyserth Ffordd y Ffrainc,,,
5110WDB46634,Bryn Crescent,,,
5110WDB48459,Grenville Avenue,,,
5110WDB48382,Castle Street,,,
5110AWD72146,Highland Close,,,
5110AWD72147,Bryn Cwybr,,,
5110AWD72148,Clwyd Retail Park,,,
5110AWD72149,Derwen Hotel,,,
5110AWD72150,The Boulevard,,,
5110AWD72151,Tower Gardens,,,
5110WDB46633,Llys Morgan,,,
5110AWD72153,Pendyffryn Road,,,
5110AWD72154,Llys Glan Aber,,,
5110AWD72155,Victoria Road,,,
5110WDB48425,Brynhyfryd Ave,,,
5110AWQ26531,St Helen`s Place,,,
5110WDB46682,Llys Glan Aber,,,
5110WDB46629,Pendyffryn Road,,,
5110AWD72152,Llys Morgan,,,
5110WDB46628,Tower Gardens,,,
5110WDB46627,The Boulevard,,,
5110DGX17029,Derwen Hotel,,,
5110DGX17026,Bryn Cwybr,,,
5110AWD72145,Maes y Bryn,,,
5110AWD72142,Kings Head,,,
5110AWD72143,Llys Hendre,,,
5110AWD72144,Bryn Crescent,,,
5110AWF80107,Bryn Ffynnon Bach,,,
5110AWF80108,Bodrhyddan Hall,,,
5110WDB48435,Dyserth Ffordd y Ffrainc,,,
5110AWF80109,Pendref Farm,,,
5110AWF80114,Red Lion Hotel,,,
5110DGZ00222,Glan Ffyddion,,,
5110AWF80116,The Croft,,,
5110WDB48363,Trading Estate,,,
5110WDB48357,Bryntirion Drive,,,
5110AWF80128,Maes Tegid Stores,,,
5110WDB48354,St Andrews Drive,,,
5110AWF80143,Police Station,,,
5110AWF80144,Coniston Drive,,,
5110AWF80145,Glandwr,,,
5110WDB46585,Tip Lane,,,
5110WRX02160,The Meadows,,,
5110WDB48353,Penrhwylfa Crossroads,,,
5110AWF80162,Cardiff Way,,,
5110AWF80163,Lon Taliesin,,,
5110AWF80153,Ffrith Hotel,,,
5110AWQ26532,Post Office,,,
5110AWF80147,Brig-y-Don,,,
5110WDB46678,Earlswood Avenue,,,
5110WDB46677,Arfon Avenue,,,
5110AWD72233,Sherwood Avenue,,,
5110WDB46681,Robin Hood Camp,,,
5110WDB48306,Lyons Holiday Camp,,,
5110WDB46638,Golf Club,,,
5110DGX17024,Denmore Stores,,,
5110WDB46637,Medea Drive,,,
5110WDB46636,Old Golf Road,,,
5110WDB46635,Royal Alexandra Hospital,,,
5110WDB46639,Sun Centre,,,
5110WDB46640,Garden of Remembrance,,,
5110ACX17020,Westminster Hotel,,,
5110AWD71464,Glyn Derw Farm,,,
5110AWD71485,Talardy Hotel,,,
5110DGX17011,Swan Inn,,,
5110AWD71484,Plas Elwy Hotel,,,
5110AWD71483,Plough Hotel,,,
5110DGX17013,Health Centre,,,
5110AWD71482,Ashley Court,,,
5110WDB46625,Fountain Garage,,,
5110AWD71486,Fountain Garage,,,
5110DGX17014,Cathedral,,,
5110AWD71487,Cathedral,,,
5110WDB48310,Angorfa Court,,,
5110WDB48308,Angorfa Court,,,
5110AWD71903,Bishops Walk,,,
5110AWD71901,HM Stanley Hospital,,,
5110AWD71902,HM Stanley Hospital,,,
5110AWD71900,Bryn Asaph,,,
5110WDB46622,Bryn Asaph,,,
5110AWD71899,Oriel House Hotel,,,
5110DGX17015,Oriel House,,,
5110AWD71898,Bryn Polyn Nurseries,,,
5110DGX17016,Bryn Polyn Nurseries,,,
5110AWD71897,Bryn Polyn,,,
5110WDB46623,Bryn Polyn,,,
5110AWD71896,Llannerch Equestrian Centre,,,
5110AWD71895,Thatched Cottage,,,
5110AWD71894,Thatched Cottage,,,
5110AWD71892,Nant-y-Patrick,,,
5110AWD71893,Nant-y-Patrick,,,
5110AWD71904,Village Hall,,,
5110AWD71905,Village Hall,,,
5110AWD71906,College Farm,,,
5110WDB22637,College Farm,,,
5110AWD71907,Plas Newydd,,,
5110WDB22640,Plas Newydd,,,
5110WDB46602,Coed Estyn,,,
5110AWD71908,Coed Estyn,,,
5110AWD71909,Tyddyn-y-Parc,,,
5110WDB46601,Tyddyn-y-Parc,,,
5110AWD71911,Plas Clough,,,
5110DGX17025,Plas Clough,,,
5110WDB46603,Gloddaeth Villas,,,
5110AWD71512,Gloddaeth Villas,,,
5110AWD71513,Ysgol Frongoch,,,
5110WDB48389,Masons Arms,,,
5110AWD71515,Lidl,,,
5110AWD71514,Abbey Road,,,
5110AWD71517,Police Station,,,
5110AWD71516,Lidl,,,
5110AWP26606,Police Station,,,
5110AWD71518,Library and Museum,,,
5110AWP26607,Library and Museum,,,
5110AWD71534,Lenten Pool,,,
5110AWP26608,Lenten Pool,,,
5110AWD72137,Railway Inn,,,
5110WDB48309,Plas Pigot,,,
5110WDB46600,High School,,,
5110AWD72136,High School,,,
5110AWD72135,Pinetree Court,,,
5110AWD72129,Ysgybor Wen Cottages,,,
5110WDB48350,Eisteddfod Field,,,
5110DGX17021,Waen Crossroads,,,
5110AWD72130,Pinetree Court,,,
5110WDB48390,Crud-y-Castell,,,
5110AWD71916,Staverton,,,
5110AWD71917,Rowlands Fruit Farm,,,
5110AWD71918,Waen Crossroads,,,
5110AWD71919,White Horse,,,
5110AWD71920,Maes Llan,,,
5110WDB48393,Nant Glyd,,,
5110AWD71921,Groes Efa Bach,,,
5110AWD71922,Llangwyfan Sanitorium,,,
5110AWD72157,Arriva Depot,,,
5110WDB48461,Netley Road,,,
5110AWD72160,Gwynfryn Avenue,,,
5110AWD72161,Morrison,,,
5110AWD72163,Victoria Road,,,
5110AWD72164,Kingsley Avenue,,,
5110AWD72166,Ascot Drive,,,
5110WDB48369,Ascot Drive,,,
5110AWD72167,Viola Avenue,,,
5110AWD72168,Diane Drive,,,
5110AWD72169,Llys Pen-y-cefndy,,,
5110AWD72170,South Drive,,,
5110WDB48374,Patrick Avenue,,,
5110AWD72174,Daniel Drive,,,
5110WDB48380,Daniel Drive,,,
5110WDB48404,Lon Ystrad,,,
5110WDB48405,Ffordd Elan,,,
5110WDB48329,Rhodfa Maen Gwyn,,,
5110AWD72178,Clement Drive,,,
5110AWD72177,Bruton Park,,,
5110AWD72176,Ffordd Bruton,,,
5110WDB48378,Hen-Afon Road,,,
5110AWD72211,Trellewelyn Road,,,
5110AWD72191,Tongs Funeral Directors,,,
5110WDB48312,Millbank Road,,,
5110AWD72201,Clifton Park Road South,,,
5110AWD72203,Clifton Park Road North,,,
5110AWD72204,Hadley Crescent,,,
5110AWD72205,Mayfield Grove,,,
5110AWD72206,Ffordd Anwyl,,,
5110WDB48400,Cedar Avenue,,,
5110WDB48408,Hazel Court,,,
5110WDB48406,Aspen Walk,,,
5110AWD72183,Llys-y-Tywysog,,,
5110AWD72184,Llys Dewi,,,
5110AWD72185,Lon Celynnen,,,
5110WDB48324,Llys Gwynant,,,
5110WDB48323,Llys Tegid,,,
5110WDB46464,New Pines Caravan Park,,,
5110AWD72210,Ysgol Llewelyn,,,
5110AWD72209,Westminster Avenue,,,
5110AWD72188,Parry`s Corner,,,
5110WDB46630,War Memorial Court,,,
5110AWD72190,Millbank Road,,,
5110WDB48311,Tongs Funeral Directors,,,
5110WDB47562,Kinmel Street,,,
5110WDB48320,Tots` Corner,,,
5110WDB48321,Chiropodists,,,
5110WDB48322,Cemetery,,,
5110AWD72180,Llys Tegid,,,
5110AWD72181,Llys Gwynant,,,
5110WDB48328,Llys Celynnen,,,
5110WDB48327,Llys Dewi,,,
5110WDB48326,Llys-y-Tywysog,,,
5110WDB48407,Aspen Walk,,,
5110WDB48409,Hazel Court,,,
5110WDB48401,Cedar Avenue,,,
5110WDB48317,Ffordd Anwyl,,,
5110WDB48316,Mayfield Grove,,,
5110WDB48315,Hadley Crescent,,,
5110WDB48314,Clifton Park Road North,,,
5110WDB48313,Clifton Park Road South,,,
5120AWF80776,Bank Place,,,
5120WDB47566,Tesco,,,
5120AWF80809,Plas Dewi Flats,,,
5120WDB22289,Plas Dewi Flats,,,
5120WDB22288,St James` Church,,,
5120AWF80810,St James` Church,,,
5120AWF80811,Royal Oak,,,
5120WDB46578,Royal Oak,,,
5120WDB22364,Blaencoed,,,
5120AWF80812,Blaencoed,,,
5120WDB46583,School Lane,,,
5120AWF80813,School Lane,,,
5120WDB22462,Packet House,,,
5120FLX17097,Packet House,,,
5120AWF80818,Packet House,,,
5120WDB22415,Coed Mawr Hall,,,
5120AWF80819,Coed Mawr Hall,,,
5120AWF80820,Knitmesh,,,
5120WDB22416,Knitmesh,,,
5120WDB46582,Abakhan,,,
5120AWF80821,Abakhan,,,
5120WDB22417,Mostyn Garage,,,
5120AWF80827,Mostyn Garage,,,
5120WDB46568,Glan-y-don Inn,,,
5120AWF80828,Glan-y-don Inn,,,
5120WDB46579,Marsh Farm,,,
5120AWF80829,Marsh Farm,,,
5120WDB46566,Lletty Hotel,,,
5120AWF80830,Lletty Hotel,,,
5120AWF80831,Mostyn Docks,,,
5120WDB46567,Mostyn Docks,,,
5120AWF80832,Mostyn Lodge,,,
5120WDB46580,Mostyn Lodge,,,
5120AWF80834,Meirion Terrace,,,
5120WDB22476,Meirion Terrace,,,
5120WDB46683,Crown Hotel,,,
5120AWF80835,Crown Hotel,,,
5120WDB22280,Railway Inn,,,
5120AWF80836,Railway Inn,,,
5120WDB22279,Llwyn Farm,,,
5120AWF80837,Llwyn Farm,,,
5120AWF80838,Redwater Wood,,,
5120WDB25444,Redwater Wood,,,
5120WDB25443,Tanlan Farm,,,
5120AWF80839,Tanlan Farm,,,
5120WDB22278,White Gates,,,
5120AWF80840,White Gates,,,
5120WDB25442,Station Road Turn,,,
5120AWF80842,Station Road Turn,,,
5120WDB25445,Bells of St Mary's,,,
5120AWF80845,Bells of St Mary`s,,,
5110DGX17041,Presthaven Sands,,,
5120AWF80846,Crossroads,,,
5120AWF80847,Crossroads,,,
5110WDB46594,Nant Drive,,,
5110AWF80135,Nant Drive,,,
5110AWF80133,Highbury Avenue,,,
5110WDB46595,Highbury Avenue,,,
5110WDB48440,Marine Road,,,
5110WDB48439,Marine Road,,,
5110AWF80132,Royal Victoria Hotel,,,
5110WDB21563,Queen's Walk,,,
5110WDB24251,Queen`s Walk,,,
5120AWF80814,Glan-y-don,,,
5120AWF80815,Business Park,,,
5120AWF80816,Cairnton Crescent,,,
5120AWF80817,Abbey View,,,
5120WDB22461,Packet House,,,
5120WDB46581,Penrho,,,
5120WDB22418,Ffordd Penant Lower,,,
5120AWF80825,Shops,,,
5120AWF80826,Bryn Pennant School,,,
5120WDB22287,Swan,,,
5120AWF80992,Wirral View,,,
5120AWF80848,Llys Dewi,,,
5120ACX17026,Crossroads,,,
5120AWF80822,Penrho,,,
5120AWF80824,Ffordd Penant Lower,,,
5120WDB22050,Shops,,,
5120WDB22419,Bryn Pennant School,,,
5120AWF80993,Swan,,,
5120WDB22463,Wirral View,,,
5110DGX17037,Ty Isaf,,,
5110AWD71478,Business Park,,,
5110AWD71479,Business Park,,,
5110AWD71480,Ega Tube,,,
5110WDB21564,Business Park,,,
5110WDB47451,Business Park,,,
5110WDB48345,Tweedmill Shopping Outlet,,,
5110AWD71510,Gliding Centre,,,
5110AWD71511,Ty`n-yr-eithin,,,
5110WDB22636,Gliding Centre,,,
5110WDB22639,Ty`n-yr-eithin,,,
5110AWD71905,Trefnant Village Hall,,,
5110AWD71904,Trefnant Village Hall,,,
5110AWD72212,Trellewelyn Road,,,
5110WDB48330,Clement Drive,,,
5110AWD72179,Rhodfa Maen Gwyn,,,
5110WDB48403,Lon Ystrad,,,
5110AWD72173,Cambrian Walk,,,
5110AWD72172,Tarquin Drive,,,
5110AWD72171,Patrick Avenue,,,
5110WDB48371,Diane Drive,,,
5110WDB48370,Viola Avenue,,,
5110AWD72165,Cefndy Road,,,
5110WDB48368,Kingsley Avenue,,,
5110WDB48367,Victoria Road,,,
5110AWD72162,Ffordd Las,,,
5110ACX17039,Morrison,,,
5110WDB48402,Kingsley Avenue,,,
5110AWD72189,War Memorial Court,,,
5110WDB48318,Parry`s Corner,,,
5110AWD72208,Tots` Corner,,,
5110WDB46631,Westminster Avenue,,,
5110WDB46632,Ysgol Llewelyn,,,
5110AWD72175,Hen-Afon Road,,,
5140WDB25303,Bus Station,,,
5140WDB25304,Bus Station,,,
5140WDB25299,Bus Station,,,
5140AWD70663,Fire Station,,,
5140AWD72462,Cobden Road,,,
5140AWD72463,Bellevue Park,,,
5140AWD72465,Post Office,,,
5140AWD72466,Empress Road,,,
5140AWD72467,Cemetery,,,
5140AWQ26484,Llysfasi College,,,
5140AWD72472,Esless,,,
5140AWD72473,Black Lion Inn,,,
5140AWD72471,Colliery Garage,,,
5140AWD72470,Little Chef,,,
5140AWD72479,Croesfoel,,,
5140AWD72480,Smithy Lane,,,
5140AWD72481,Hill Top,,,
5140WRX02060,Bernfels Court,,,
5140WRX02061,Royal Oak,,,
5140AWF80226,Hand Lane,,,
5140AWF80228,Cross Keys Inn,,,
5140AWF80229,Sun Inn,,,
5140AWF80230,Old Swan House,,,
5140WDB25424,Nag's Head,,,
5140WDB25383,Broad Street,,,
5140AWF80232,Capel Ebenezer,,,
5140AWF80233,Wern School,,,
5140WDB22741,Wern Lane,,,
5140AWF80236,Pant Farm,,,
5140WRX02136,Pant Hill Bottom,,,
5140WRX02139,Wheel Wrights,,,
5140WRX02141,Heol-y-Bryn Turn,,,
5140WDB22750,Oakleigh,,,
5140AWF80250,Afoneitha Bridge,,,
5140WRX02150,Copperas Corner,,,
5140WRX02149,Cross Foxes,,,
5140WRX02148,School,,,
5140WRX02147,Mammoth Grove,,,
5140WRX02146,Black Horse,,,
5140WRX02145,Y Groes,,,
5140WRX02144,Pentre Cristionydd,,,
5140AWF80241,Pont-yr-afon,,,
5140WRX02142,Bryn Eitha,,,
5140WRX02138,Wheel Wrights,,,
5140AWF80237,Pant Hill Bottom,,,
5140WRX02137,Pant Farm,,,
5140AWF80235,Wern Lane,,,
5140AWF80234,Rhosllanerchrugog Cross,,,
5140WRX02064,Sun Inn,,,
5140WRX02063,Cross Keys Inn,,,
5140WRX02062,Hand Lane,,,
5140AWF80225,Royal Oak,,,
5140AWF80224,Bernfels Court,,,
5140AWF80223,Chilton,,,
5140WRX02126,Hill Top,,,
5140AWQ26488,Manweb Offices,,,
5140WRX02125,Croesfoel,,,
5140WDB22712,Little Chef,,,
5140WRX02124,Colliery Garage,,,
5140WDB47989,Holy Trinity Church,,,
5140WDB46545,Black Lion Inn,,,
5140WRX02122,Esless,,,
5140AWD72468,Llysfasi College,,,
5140WRX02259,Cemetery,,,
5140WDB22538,Post Office,,,
5140WRX02213,Bellevue Park,,,
5140AWQ26483,Cobden Road,,,
5140WRX02161,Fire Station,,,
5140WDB25300,Bus Station,,,
5140WDB25302,Bus Station,,,
5140AWD72483,Fennant Road,,,
5140WRX02127,Fennant Road,,,
5140AWD72484,New Inn,,,
5140WRX02128,New Inn,,,
5140WRX02129,School,,,
5140AWD72485,School,,,
5140AWD72486,Kwiksave,,,
5140AWD72508,Kwiksave,,,
5140AWD72487,Vauxhall Ind Estate,,,
5140WRX02130,Vauxhall Ind Estate,,,
5140WRX02131,Afon Goch,,,
5140AWD70626,Gardden Industrial Estate,,,
5140WDB47990,Garden View,,,
5140WDB47991,Garden View,,,
5140AWD72488,New Hall Lane,,,
5140AWD70625,St Michaels Close,,,
5140AWD70624,The Villas,,,
5140AWQ26486,Wynnstay Arms Hotel,,,
5140DGX17050,Railway Station,,,
5140AWD70623,Kandy Lodge,,,
5140AWD70622,Station Road,,,
5140WRX02133,Station Road,,,
5140WDB47984,Plas Bennion Road,,,
5140WDB47983,Plas Bennion Road,,,
5140WRX02053,Plas Madoc Estate,,,
5140WRX02054,Clinic,,,
5140AWD70621,Plas Madoc Estate,,,
5140AWD70620,Hampden Arms,,,
5140WRX02052,Hampden Arms,,,
5140AWD70619,Willow Court,,,
5140WDB22723,Willow Court,,,
5140AWD70618,Eagle Hotel,,,
5140AWD70617,Eagle Hotel,,,
5140AWD70615,Trinity,,,
5140AWD70616,Trinity,,,
5140WRX02151,Duke of Wellington Hotel,,,
5140AWD70614,Duke of Wellington Hotel,,,
5140AWD70613,Old Station,,,
5140WDB47994,Trevor,,,
5140AWD70612,Old Station,,,
5140AWD70611,Post Office,,,
5140WRX02152,Post Office,,,
5110WRX02153,Bryn Howel,,,
5110AWD70610,Bryn Howel,,,
5110AWD70609,Sun Trevor Inn,,,
5110WRX02154,Sun Trevor Inn,,,
5110AWD70608,Wenffrwd,,,
5110WRX02155,Wenffrwd,,,
5110WDB48449,Wenffrwd,,,
5110WDB48448,Wenffrwd Nature Reserve,,,
5110WDB48447,Wenffrwd Nature Reserve,,,
5110WRX02156,Bishop's Walk,,,
5110AWD70607,Bishop's Walk,,,
5110AWD70606,Bridge End Hotel,,,
5110AWD70605,Bridge End Hotel,,,
5110WDB48304,Parade Street,,,
5140AWD72474,Black Lion Inn,,,
5140WDB47992,Wynnstay Crescent,,,
5140WDB48000,Wrexham Crematorium,,,
5140AWD72500,Berwyn,,,
5140AWD72499,Maes Isaf,,,
5140WDB22736,Glasfryn,,,
5140WDB47995,Worsley Avenue,,,
5140AWD72502,Linley Avenue,,,
5140WDB22734,Heol-y-Cyngor,,,
5140WDB22733,Y Gesail,,,
5140WDB22732,Morton Playground,,,
5140WDB22731,Morton Recreation Ground,,,
5140AWF80269,Kwiksave,,,
5140WDB22752,Conifers Home,,,
5140WDB48098,Ffordd Gwynedd,,,
5140WDB48099,Tan-Y-Bryn,,,
5140AWD72476,New Black Horse,,,
5140AWD72475,Butchers,,,
5140WRX02123,Black Lion Inn,,,
5140AWD70628,Bus Station,,,
5140WDB25298,Bus Station,,,
5140WDB22581,Yale College Flyover,,,
5140WDB22529,Yale College,,,
5140WDB47952,Market Street,,,
5140WDB47960,ASDA Steps,,,
5140AWF80184,Asda,,,
5140WDB47964,Crossways,,,
5140WDB47968,Moorland Avenue,,,
5140WDB47970,Wynnstay Avenue,,,
5140WDB47972,Deva Way,,,
5140WDB22573,Tan-y-Dre,,,
5140WDB22572,Broom Grove,,,
5140WDB22571,Ash Grove,,,
5140AWF80188,Ysgol Morgan Llwyd,,,
5140WRX02121,Ernest Parry Road,,,
5140WDB47974,Eaton Drive,,,
5140WDB22617,Kingsley Circle,,,
5140WDB22616,Ridley View,,,
5140WDB22615,Havard Way,,,
5140WDB22614,Menai Road,,,
5140WDB22613,Arenig Road,,,
5140WDB22612,Coed Aben,,,
5140WDB22609,Cefn Dre,,,
5140WDB22610,Glan Gors,,,
5140WDB22611,Gwenfro,,,
5140WDB22584,Y Wern,,,
5140WRX02219,Pont Wen,,,
5140AWD70984,Warwick Avenue,,,
5140AWD70917,Napier Square,,,
5140AWD70904,Post Office,,,
5140WDB22600,Green Dragon Hotel,,,
5140WDB48005,Salop Road Lidl,,,
5140AWD70899,Eagles Meadow,,,
5140WRX02105,Eagles Meadow,,,
5140AWQ26505,Market Street,,,
5140AWD70662,Yale College,,,
5140WDB47953,Tesco,,,
5140AWD70900,Eagles Meadow,,,
5140AWD70902,Green Dragon Hotel,,,
5140AWD70915,Post Office,,,
5140AWD70916,Napier Square,,,
5140WDB22587,Warwick Avenue,,,
5140AWD70985,Pont Wen,,,
5140AWD70991,Y Wern,,,
5140AWD70992,Gwenfro,,,
5140AWD70993,Glan Gors,,,
5140AWD70994,Cefn Dre,,,
5140AWD70995,Coed Abon,,,
5140AWD70996,Arenig Road,,,
5140AWD70997,Menai Road,,,
5140AWD70998,Havard Way,,,
5140AWD70999,Ridley View,,,
5140AWD71002,Kingsley Circle,,,
5140WRX02120,Falcon Road,,,
5140WDB22618,Ernest Parry Road,,,
5140WRX02271,Ysgol Morgan Llwyd,,,
5140AWF80189,Ash Grove,,,
5140AWF80190,Broom Grove,,,
5140WDB47973,Deva Way,,,
5140WDB47971,Wynnstay Avenue,,,
5140WDB47969,Moorland Avenue,,,
5140WDB47967,Trevenna Way,,,
5140WDB47965,Crossways,,,
5140WDB22607,Holt Road Doctors,,,
5140WDB47961,ASDA Steps,,,
5140WDB25301,Bus Station,,,
5140AWD70664,Watery Road Level Crossing,,,
5140AWD70666,Maelor Hospital Grounds,,,
5140AWD70665,Maelor Hospital,,,
5140WDB22854,Medical Institute,,,
5140WRX02103,Watery Road Level Crossing,,,
5140WRX02102,Maelor Hospital,,,
5140WRX02101,Bron-y-nant,,,
5140WDB22855,Medical Institute,,,
5140AWD70667,Tax Office,,,
5140WRX02100,Tax Office,,,
5140WRX02200,Rhyd Broughton,,,
5140WRX02205,Rhyd Broughton,,,
5140AWD70627,Arriva Depot,,,
5140WDB22800,Arriva Depot,,,
5140AWD70668,Hall View,,,
5140WDB22801,Hall View,,,
5140AWD70669,Chapel Gardens,,,
5140WDB22799,Chapel Gardens,,,
5140AWD70794,Hanmers Garage,,,
5140WRX02204,Millfields,,,
5140AWD70796,Post Office,,,
5140AWD70795,Post Office,,,
5140AWD70702,All Saints` Church,,,
5140AWD70797,All Saints` Church,,,
5140WDB22845,Rollers` Arms,,,
5140AWD70798,Rollers` Arms,,,
5140AWD70701,Brooklands,,,
5140WRX02215,Tanyfron Road,,,
5140AWD70700,Primary School,,,
5140AWD70695,College Hill,,,
5140AWD70697,Bryn Gwenfro,,,
5140AWD70699,Park Road,,,
5140AWD70698,St Alban`s View,,,
5140WDB47977,Brymbo Heights,,,
5140WDB48078,Brymbo Heights,,,
5140WDB23787,Sheppard Street,,,
5140AWQ26507,Library,,,
5140WDB48076,Enterprise Centre,,,
5140AWD70690,Morse House,,,
5140WDB48077,Dyke Street,,,
5140AWD72516,Central Retail Park,,,
5140WDB47956,Wrexham General Station,,,
5140AWD72518,Maesgwyn Road,,,
5140AWD72519,Football Ground,,,
5140WRX02210,Glyndwr University,,,
5140AWD70841,Sainsbury's,,,
5140AWD70842,Pendine Park,,,
5140AWD70843,Glascoed Way,,,
5140AWD70844,Wheat Close,,,
5140WDB22794,Pendine Shops,,,
5140AWD70846,Heatherdale Close,,,
5140AWD70847,Ferndale Rise,,,
5140AWD70849,Jutland Avenue,,,
5140WDB22852,Saxon Road,,,
5140AWD70850,Wheatsheaf Inn,,,
5140AWD70851,Hazel Avenue,,,
5140AWD70852,Elm Villa,,,
5140AWD70854,Chestnut Court,,,
5140AWD70855,Crown Inn,,,
5140AWD70856,Black Horse,,,
5140AWD70857,Norham Court,,,
5140AWD70858,Hafod House,,,
5140AWD70859,Holy Bank,,,
5140AWD70860,White Lion Close,,,
5140AWD70861,Heol Hyfryd,,,
5140AWD70862,Bryn Glas,,,
5140WRX02082,Sunny View,,,
5140AWD70863,Fourth Avenue,,,
5140WRX02081,Hazel Avenue,,,
5140WRX02246,Ivy Mount,,,
5140AWD70848,Jutland Avenue,,,
5140WDB22796,Ferndale Rise,,,
5140WDB22795,Heatherdale Close,,,
5140AWD70845,Pendine Shops,,,
5140WDB22853,Mendip Close,,,
5140WDB22793,Wheat Close,,,
5140WDB22797,Glascoed Way,,,
5140WDB22798,Pendine Park,,,
5140AWD72520,Glyndwr University,,,
5140WRX02209,Racecourse,,,
5140AWD72517,Wrexham General Station,,,
5140WRX02094,School of Art,,,
5140WRX02099,Belvedere Drive,,,
5140AWD70839,Belvedere Drive,,,
5140AWD70840,B&Q,,,
5140WDB22530,Wrexham B&Q,,,
5140WDB48009,Toll Bar Cottage,,,
5140WDB48010,Toll Bar Cottage,,,
5140AWD70864,Wheatsheaf Inn,,,
5140WDB48012,Church,,,
5140WDB22851,Claremont Cottages,,,
5140WDB48011,Church,,,
5140WRX02080,Park View,,,
5140WDB22850,Tan-yr-allt,,,
5140WDB22849,Tan-yr-allt,,,
5140WDB48017,Alyn Industrial Estate,,,
5140WDB48016,Alyn Industrial Estate,,,
5120FLX17046,Hollybush,,,
5120ABC80783,Cefn-y-Bedd Station,,,
5120ABC80782,Cefn-y-Bedd Station,,,
5120ACX17032,Abermorddu Turn,,,
5120FLX17045,Abermorddu Turn,,,
5120AWF80427,Crossways,,,
5120AWF80428,Crossways,,,
5120WDB22142,Railway Station,,,
5120AWF80429,Railway Station,,,
5120FLX17048,Post Office,,,
5120WDB22219,Tegfan Court,,,
5120WDB22220,Gwalia,,,
5120AWD71294,Tegfan Court,,,
5120AWD71293,Gwalia,,,
5120AWD71291,Porch Lane,,,
5120AWD71292,Porch Lane,,,
5120WDB22221,Fagl Lane Turn,,,
5120AWD71290,Fagl Lane Turn,,,
5120WDB22222,Pentre Lane Turn,,,
5120AWF80439,Pentre Lane Turn,,,
5120WDB22223,Tir-y-Fron Turn,,,
5120AWF80438,Tir-y-Fron Turn,,,
5120AWF80437,Hafod Farm,,,
5120WDB22224,Hafod Farm,,,
5120AWF80440,Plas Teg Turn,,,
5120WDB22225,Plas Teg Turn,,,
5120WDB22226,Bridge Inn,,,
5120AWF80441,Bridge Inn,,,
5120AWF80442,Pontybodkin Bridge,,,
5120WDB22464,Pontybodkin Bridge,,,
5120WDB22237,Post Office,,,
5120AWF80443,Post Office,,,
5120AWF80447,Wesley Methodist Church,,,
5120WDB22238,Leeswood Community Centre,,,
5120AWF80449,Drury Lane,,,
5120AWF80448,Bethel Chapel,,,
5120AWF80451,Bryn Awel,,,
5120WDB22239,Bryn-Estyn,,,
5120WDB22240,Bryn Awel,,,
5120AWF80452,Windover Corner,,,
5120WDB22241,Windover Corner,,,
5120AWF80453,Leeswood Hall,,,
5120WDB22242,Leeswood Hall,,,
5120AWD71387,Leeswood Turning,,,
5120WDB22244,Leeswood Turning,,,
5120WDB22247,Mold Industrial Estate,,,
5120AWD71388,Industrial Estate,,,
5120AWD71319,Bromfield Lane,,,
5120WDB22345,Conway Street,,,
5120AWD71321,Conway Street,,,
5120AWD71323,Red Lion Inn,,,
5120AWD71322,Red Lion Inn,,,
3500B051801,Rhyn Park School,,,
3500B202103,Beech Trees,,,
3500B202101,Moors Lane Jct,,,
3500B202001,Sarn Lane Junction,,,
3500B201007,Rhewl Lane Jct,,,
3500B201005,Perry Road Jct,,,
3500B201003,Ferndale Crescent,,,
3500B201001,Police Station,,,
3500B190103,Rowan Close,,,
3500B188601,Agnes Hunt,,,
3500B188401,Derwen College Entrance,,,
3500B188101,North Drive Jct,,,
3500B062203,Park Crescent Jct,,,
3500B062201,Artillery Road Jct,,,
3500B198101,Playing Fields,,,
3500B022000,British Telecom,,,
3500B198800,New Park Road Jct,,,
3500B064401,Coach Park,,,
3500B006300,Bus Station,,,
5140WDB22579,Carlton Grange,,,
5140AWD72461,Post Office,,,
5140WDB22582,Park Street,,,
5140WRX02069,Osborne Road,,,
5140AWD72458,Bryn-a-Glyn,,,
5140AWD72456,Moriah Chapel,,,
5140AWD72455,Dane Motors,,,
5140WDB22704,Olivet,,,
5140WRX02075,Rhosrobin Turn,,,
5140AWD72454,Post Office,,,
5140AWD72453,Glanaber Court,,,
5140WRX02079,Somerfield,,,
5140WDB22703,Woodlands,,,
5140AWD70866,Tudors Avenue,,,
5140WDB22004,Park Wall,,,
5140WDB48013,Delamere Avenue,,,
5140AWD70868,Sports Centre,,,
5140WDB22700,Heol-y-Parc,,,
5140WRX02085,Bradley Circle,,,
5140AWD70871,Beech Avenue,,,
5140AWD70873,Lindops,,,
5140WDB22698,Park Road,,,
5140WRX02087,Cemetery,,,
5140AWD70875,Pentre Street,,,
5140WDB48003,New Road,,,
5140WRX02092,Plas Mehefin,,,
5140WRX02091,Miners` Institute,,,
5140AWD70883,Fourth Avenue,,,
5140WRX02090,Library,,,
5140WDB22690,Youth Centre,,,
5140AWD70887,Youth Centre,,,
5140AWD70888,Cwrt Pentwmpath,,,
5140AWD70889,Ninth Avenue,,,
5140WDB48008,Ninth Avenue,,,
5140AWD70892,Fish & Chip Shop,,,
5140WRX02089,Platt's Corner,,,
5140WDB22693,St David`s Crescent,,,
5140AWD70874,Cemetery,,,
5140WRX02086,Park Road,,,
5140WDB22699,Lindops,,,
5140AWD70872,Beech Avenue,,,
5140AWD70870,Bradley Circle,,,
5140AWD70869,Heol-y-Parc,,,
5140WDB22701,Sports Centre,,,
5140AWD70867,Park Wall,,,
5140WDB22702,Tudors Avenue,,,
5140AWD70865,Woodlands,,,
5140WRX02078,School,,,
5140WRX02077,Glanaber Court,,,
5140WRX02076,Post Office,,,
5140WRX02074,Rhosrobin Turn,,,
5140WRX02073,Olivet,,,
5140WRX02072,Dane Motors,,,
5140WRX02071,Moriah Chapel,,,
5140WRX02070,Bryn-a-Glyn,,,
5140AWD72459,Osborne Road,,,
5140AWD72460,Park Street,,,
5140WRX02269,Post Office,,,
5140WRX02068,Carlton Grange,,,
5140WDB22753,Gardden Road,,,
5140AWF80262,Ffordd Powys,,,
5140AWF80265,Gardden Road Surgery,,,
5140WDB22742,Heol-y-Bryn,,,
5140AWF80253,Ffordd Ifor,,,
5140AWF80254,Delfryn,,,
5140AWF80255,Trem-y-Gardden North,,,
5140AWF80256,Coed Y Graig,,,
5140AWF80257,Trigfa,,,
5140WDB22747,Trem-y-Gardden South,,,
5140AWF80259,Heol Mabon,,,
5140AWF80252,Heol-y-Bryn,,,
5140AWF80260,Wheel Wrights,,,
5140WDB22755,Gardden Road Surgery,,,
5140WDB22754,Ffordd Powys,,,
5140AWF80261,Gardden Road,,,
5140AWF80268,Conifers,,,
5140WDB22738,Maes Isaf,,,
5140AWF80238,Wheelwrights,,,
5140AWF80240,Bryn Eitha,,,
5140WRX02143,Pont-yr-afon,,,
5140AWF80242,Pentre Cristionydd,,,
5140AWF80243,Y Groes,,,
5140AWF80244,Black Horse,,,
5140AWF80245,Mammoth Grove,,,
5140AWF80246,Penycae School,,,
5140AWF80248,Cross Foxes,,,
5140AWF80249,Coopperas Corner,,,
5140WDB22751,Afoneitha Bridge,,,
5140AWF80251,Oakleigh,,,
5140WRX02140,Heol-y-Bryn Turn,,,
5140WRX02057,Alwen,,,
5140AWF80272,Alwen,,,
5140WRX02160,Gwynant,,,
5140WRX02159,Gwynant,,,
5140AWF80273,Druid House,,,
5140WRX02048,Druid House,,,
5140WRX02047,Chapel Street,,,
5140AWF80274,Chapel Street,,,
5140AWF80275,Kwiksave,,,
5140AWF80286,Kwiksave,,,
5140AWF80285,Hollybush,,,
5140WDB22720,Hollybush,,,
5140WRX02134,Hill Street,,,
5140WDB22718,Hill Street,,,
5140WRX02135,War Memorial,,,
5140WRX02258,Dolydd Road,,,
5140AWF80276,Cae Gwilym Lane,,,
5140AWF80281,Kenfig Place,,,
5140AWF80280,Kynaston Place,,,
5140AWF80277,Heol Craigfab,,,
5140AWF80278,Heol Berwyn,,,
5140AWF80279,Heol-y-Plas,,,
5140WDB22717,Cefn-mawr War Memorial,,,
5140WDB48074,Acrefair,,,
5140WDB48073,Acrefair,,,
5110WDB21745,Railway Station,,,
5110WDB21744,Railway Station,,,
5110AWD71966,Eisteddfod Pavilion,,,
5110AWQ26433,Royal Hotel,,,
5110WRX02157,War Memorial,,,
5140AWD70907,Mason Avenue,,,
5140AWD70908,Bennion`s Road,,,
5140AWD70909,Percy Playing Field,,,
5140AWD70910,Waterloo Close,,,
5140AWD70911,Valley Way,,,
5140AWD70912,Hermitage Park,,,
5140AWD70913,School,,,
5140AWD70914,Stuart Way,,,
5140WDB22599,Beechley Road East,,,
5140AWD70799,Colliery Road,,,
5140AWD70800,Heol Offa Talwm Road,,,
5140WDB47985,Heol Celyn,,,
5140AWD70807,New Road,,,
5140AWD70810,Poplar Close,,,
5140AWD70811,Penygelli Avenue,,,
5140WDB47986,High Street,,,
5140AWD70828,Police Station,,,
5140WDB23921,Smelt Road,,,
5140WDB23922,Five Crosses,,,
5140WDB23923,Greengates Farm,,,
5140WDB23924,Post Office,,,
5140WRX02207,Old Road,,,
5140AWD70826,Ffordd Uchaf,,,
5140AWD70821,Post Office,,,
5140AWD70820,Greengates Farm,,,
5140AWD70819,Five Crosses,,,
5140AWD70818,Smelt Road,,,
5140AWD70809,The Paddocks,,,
5140AWD70808,New Road,,,
5140WRX02202,Heol Offa Heol Glyndwr,,,
5140AWD70801,Heol Offa Maes Hyfryd,,,
5140WRX02203,Colliery Road,,,
5140WDB46663,Beech Street,,,
490013199W,Territorial Army Centre,Stop E,Old Coulsdon,Greater London
490001072M,Coulsdon South,Stop M,Coulsdon South,Greater London
490001072P,Coulsdon South,Stop P,Coulsdon South,Greater London
490001253B,Coulsdon Town,Stop B,Coulsdon,Greater London
490002174Y,Lime Tree Avenue,->N,Coulsdon,Greater London
490002174Z,Lime Tree Avenue,->S,Coulsdon,Greater London
490002175Z,Tullick Way,->E,Coulsdon,Greater London
490002175Y,Tullick Way,->W,Coulsdon,Greater London
490002176Z,Salter Close,->E,Coulsdon,Greater London
490002176Y,Salter Close,->W,Coulsdon,Greater London
490002177Z,Shaftesbury Lane,->E,Coulsdon,Greater London
490002177Y,Shaftesbury Lane,->W,Coulsdon,Greater London
490002178Z,Crawford Crescent,->S,Coulsdon,Greater London
490002179Z,Middle Close,->W,Old Coulsdon,Greater London
490002180Z,Lacey Green / Goodenough Way,->W,Old Coulsdon,Greater London
490002181Z,The Admirals Walk,->N,Old Coulsdon,Greater London
490002182Z,Ellis Road,->E,Old Coulsdon,Greater London
490002183Z,Lacey Green / Ellis Road,->E,Old Coulsdon,Greater London
490002184Z,Tollers Lane / Curling Close,->S,Old Coulsdon,Greater London
490002185Z,Tollers Lane / Drive Road,->N,Old Coulsdon,Greater London
490002189Z,Farthing Way,->N,Coulsdon,Greater London
49003176N1,Aldercroft,->N1,Coulsdon South,Greater London
490004116N,Blueberry Gardens,->N,Coulsdon South,Greater London
490004116S,Blueberry Gardens,->S,Coulsdon South,Greater London
490004667S,Byron Avenue (CR5),->S,Coulsdon,Greater London
40004410090A,Hambledon Road,,Caterham,Surrey
40004410091A,Caterham-on-the-Hill / Tesco,,Caterham,Surrey
40004410091B,Caterham-on-the-Hill / Tesco,,Caterham,Surrey
490004859S,Taunton Lane (CR5),->W,Old Coulsdon,Greater London
40004410089B,Court Road (CR3),,Caterham,Surrey
490005638N,Coulsdon Common / The Fox,->N,Old Coulsdon,Greater London
490005638S,Coulsdon Common / The Fox,->S,Old Coulsdon,Greater London
490005639N,Coulsdon Court Road,->N,Coulsdon South,Greater London
490005639S,Coulsdon Court Road,->S,Coulsdon South,Greater London
490005637C,Coulsdon Library,Stop C,Coulsdon,Greater London
490005641N,Coulsdon Rise,->N,Coulsdon South,Greater London
490005641S,Coulsdon Rise,->S,Coulsdon South,Greater London
490005649E,Keston Avenue,Stop P,Old Coulsdon,Greater London
490005649W,Keston Avenue,Stop U,Old Coulsdon,Greater London
490006183H,Downs Road,Stop N,Coulsdon South,Greater London
40004410093A,Hawarden Road,,Caterham,Surrey
40004410093B,Hawarden Road,,Caterham,Surrey
490007931E,Caterham Drive / Keston Avenue,->E,Old Coulsdon,Greater London
490007931W,Caterham Drive / Keston Avenue,->W,Old Coulsdon,Greater London
490008324S,Waddington Avenue/Homefield Rd,Stop S,Old Coulsdon,Greater London
490008324N,Waddington Avenue/Homefield Rd,Stop T,Old Coulsdon,Greater London
490008495E,Lacey Drive,->E,Old Coulsdon,Greater London
490008895W,Lacey Drive,->W,Old Coulsdon,Greater London
490008679S,The Glade / Keston Avenue,->S,Old Coulsdon,Greater London
490008679N,The Glade / Keston Avenue,Stop R,Old Coulsdon,Greater London
490008895N,Coulsdon Road / Lacey Drive,->N,Old Coulsdon,Greater London
490009202D,Lion Green Road,Stop D,Coulsdon,Greater London
490009684N,Marlpit Lane,->N,Coulsdon South,Greater London
490009684S,Marlpit Lane,->S,Coulsdon South,Greater London
490010285E,Nineacres Way,->E,Coulsdon South,Greater London
490010285W,Nineacres Way,->W,Coulsdon South,Greater London
490010535N,Old Coulsdon / Tudor Rose,Stop C,Old Coulsdon,Greater London
490010535S,Old Coulsdon / Tudor Rose,Stop H,Old Coulsdon,Greater London
490011820E,Coulsdon Wood,->E,Coulsdon South,Greater London
490011820W,Coulsdon Wood,->W,Coulsdon South,Greater London
490012093S,Shirley Avenue,->S,Old Coulsdon,Greater London
490012649E,Oasis Academy Byron,->E,Old Coulsdon,Greater London
490012649W,Oasis Academy Byron,->W,Old Coulsdon,Greater London
490013199E,Army Reserve Centre,Stop F,Old Coulsdon,Greater London
490013317N,The Crossways,Stop B,Old Coulsdon,Greater London
490013317S2,The Crossways,Stop J,Old Coulsdon,Greater London
490015542S1,The Crossways,Stop M,Old Coulsdon,Greater London
40004410092A,Windmill Close,,Caterham,Surrey
490014106S2,Caterham Drive /Waddington Ave,->N,Old Coulsdon,Greater London
490014106S1,Caterham Drive /Waddington Ave,->S,Old Coulsdon,Greater London
490014107E,Homefield Road,E-bound,Old Coulsdon,Greater London
490014107N,Homefield Road,N-bound,Old Coulsdon,Greater London
40004410088B,Westway Common,,Caterham,Surrey
40004410038A,York Gate,,Caterham,Surrey
490015305W,The Glade,->E,Old Coulsdon,Greater London
490015305W1,The Glade,->W,Old Coulsdon,Greater London
40004410037A,Westway Caterham,,Caterham,Surrey
490004708W,Oxford Road / Carshalton,->W,Carshalton,Greater London
490002023W13,Church Street Tram Stop,Stop CL,Croydon (London),Greater London
490002042C0,Centrale Tram Stop,Stop CO,Croydon (London),Greater London
490005858NX,St George's Walk / Croydon Town Centre,Stop KK,Croydon (London),Greater London
490003117A,Biddulph Road,Stop GA,Purley (London),Greater London
490003117B,Biddulph Road,Stop GN,Purley (London),Greater London
490003281N,Alton Road,Stop NT,Waddon (London),Greater London
490003769E,Croydon Road / Plough Lane,Stop E,Beddington,Greater London
490003769W,Croydon Road / Plough Lane,Stop L,Beddington,Greater London
40004410110A,Beechwood Gardens,->N,Caterham,Surrey
40004410110B,Beechwood Gardens,->S,Caterham,Surrey
490004708E,Carshalton Road / Cambridge Road,->E,Carshalton,Greater London
490004821D,Carshalton High Street,Stop D,Carshalton,Greater London
490004821E,Carshalton High Street,Stop E,Carshalton,Greater London
40004410084C,Caterham Valley,,Caterham,Surrey
490005236N,Christchurch Road / Purley Hospital,Stop E,Purley (London),Greater London
490005289E,Church Road (SM6),Stop GS,Beddington,Greater London
490005289W,Church Road (SM6),Stop GT,Beddington,Greater London
490005574V,Coombe Road,Stop V,South Croydon,Greater London
490005574S,Coombe Road,Stop W,South Croydon,Greater London
40004410106C,Court Bushes Road,SE-bound stop,Whyteleafe,Surrey
490005855C15,Croydon Flyover,Stop KP,Croydon (London),Greater London
490005855C1,Croydon Flyover,Stop KS,Croydon (London),Greater London
490006064S,Devon Close,Stop F,Kenley (London),Greater London
490006064N,Devon Close,Stop K,Kenley (London),Greater London
40004410109A,Farningham Road (CR3),,Caterham,Surrey
40004410109B,Farningham Road (CR3),,Caterham,Surrey
490006975N,Foxley Hill Road,Stop N,Purley (London),Greater London
490006975NB,Foxley Hill Road,Stop Q,Purley (London),Greater London
490007129S,Garston Lane,Stop E,Kenley (London),Greater London
490007129N,Garston Lane,Stop L,Kenley (London),Greater London
490007670N,Haling Park Road,Stop GE,South Croydon,Greater London
490007670S,Haling Park Road,Stop GJ,South Croydon,Greater London
40004410111A,Highfield Road (CR3),,Caterham,Surrey
40004410111B,Highfield Road (CR3),,Caterham,Surrey
40004410115A,Hillside Road,,Whyteleafe,Surrey
40004410115B,Hillside Road,,Whyteleafe,Surrey
490008633E,Kenley Treatment Works,Stop D,Kenley (London),Greater London
490008633N,Kenley Treatment Works,Stop M,Kenley (London),Greater London
490009010E,Lavington Road,Stop F,Beddington,Greater London
490009010W,Lavington Road,Stop K,Beddington,Greater London
490009074S,Legion House,Stop B,Kenley (London),Greater London
490009074N,Legion House,Stop P,Kenley (London),Greater London
490009180E1,Lind Road,->E,Sutton (Surrey),Greater London
490009180W1,Lind Road,->W,Sutton (Surrey),Greater London
490009410W,Rectory Grove,->W,Croydon (London),Greater London
490014111N,Rectory Grove,Stop C,Croydon (London),Greater London
490009575I,Manor Place,Stop I,Sutton (Surrey),Greater London
40004410118A,Maple Road (CR3),,Whyteleafe,Surrey
40004410118B,Maple Road (CR3),,Whyteleafe,Surrey
40004410112A,Marden Lodge School (CR3),,Caterham,Surrey
40004410112B,Marden Lodge School (CR3),,Caterham,Surrey
490010002N,Montpelier Road,Stop F,Purley (London),Greater London
490010002S,Montpelier Road,Stop L,Purley (London),Greater London
40004410119B,Old Barn Lane,Stop G,Whyteleafe,Surrey
40004410119A,Old Barn Lane,,Whyteleafe,Surrey
490010839C3,Park Street,Stop KH,Croydon (London),Greater London
490011153W,Pound Street,->W,Carshalton,Greater London
490011153F,Pound Street,Stop F,Carshalton,Greater London
490011259D,Purley / Downlands Precinct,Stop D,Purley (London),Greater London
490011259G,Purley / Downlands Precinct,Stop G,Purley (London),Greater London
490011274P,Purley High Street / Purley Station,Stop P,Purley (London),Greater London
490011275D,Purley Way / Waddon Station,Stop ES,Waddon (London),Greater London
490011275C,Purley Way / Waddon Station,Stop WQ,Waddon (London),Greater London
490011270M,Purley Station / Purley High Street,Stop M,Purley (London),Greater London
490011481N,Sanderstead Road,Stop GC,South Croydon,Greater London
490011481S,Sanderstead Road,Stop GL,South Croydon,Greater London
490011504W15,Reeves Corner,Stop CN,Croydon (London),Greater London
490011585E,Carshalton Road / Ringstead Road,->E,Sutton (Surrey),Greater London
490011585W,Carshalton Road / Ringstead Road,->W,Sutton (Surrey),Greater London
490011806W11,Ruskin Road,Stop CJ,Croydon (London),Greater London
490011806W16,Ruskin Road,Stop CR,Croydon (London),Greater London
490011856W,St. Nicholas Centre,Stop W,Sutton (Surrey),Greater London
490012272N,South Croydon Bus Garage,Stop GD,South Croydon,Greater London
490015442S,South Croydon Bus Garage,Stop GK,South Croydon,Greater London
490012726S,St James Road Kenley,Stop A,Kenley (London),Greater London
490012726N,St James Road Kenley,Stop R,Kenley (London),Greater London
490013020N,Sunnydene Road,->N,Purley (London),Greater London
490013020S,Sunnydene Road,->S,Purley (London),Greater London
490013061D,Sutton / Marshalls Road,Stop D,Sutton (Surrey),Greater London
490013064V,Sutton Civic Centre,Stop V,Sutton (Surrey),Greater London
490013081K,Sutton Police Station,Stop K,Sutton (Surrey),Greater London
490013082R,Sutton Head Post Office,Stop R,Sutton (Surrey),Greater London
490013100G,Swan & Sugar Loaf,Stop G,South Croydon,Greater London
490013100J,Swan & Sugar Loaf,Stop J,South Croydon,Greater London
490013269S,Aberdeen Road South Croydon,Stop S,South Croydon,Greater London
40004410108A,Bourne Court,,Caterham,Surrey
40004410108B,Bourne Court,,Caterham,Surrey
490013422E,The Holt,Stop GR,Beddington,Greater London
490013422W,The Holt,Stop GU,Beddington,Greater London
490013437S,The Kenley Hotel / Kenley Station,Stop C,Kenley (London),Greater London
490013437W,The Kenley Hotel / Kenley Station,Stop N,Kenley (London),Greater London
490013543N,Brighton Road / Purley Downs Road,Stop J,Purley (London),Greater London
490013543S,Brighton Road / Purley Downs Road,Stop K,Purley (London),Greater London
490013603N,Purley Oaks Station,Stop GB,South Croydon,Greater London
490013603C,Purley Oaks Station,Stop GM,South Croydon,Greater London
490013679J,Times Square,Stop J,Sutton (Surrey),Greater London
490013920N,Upland Road Croydon,Stop GF,South Croydon,Greater London
490013920S,Upland Road Croydon,Stop GH,South Croydon,Greater London
490014043A,Vicarage Rd / Wandle Park Tram Stop,Stop A,Waddon (London),Greater London
490014043B,Vicarage Rd / Wandle Park Tram Stop,Stop B,Waddon (London),Greater London
490014110S,Purley Way / Waddon Road,Stop SV,Waddon (London),Greater London
490014111S,Waddon New Road / Waddon Road,Stop D,Waddon (London),Greater London
490014136W,Wallington County Grammar School,Stop GV,Carshalton,Greater London
490014137E,Wallington Green / Croydon Road,Stop GP,Carshalton,Greater London
490014137W,Wallington Green / Croydon Road,Stop GW,Carshalton,Greater London
40004410113A,Well Farm Road,,Whyteleafe,Surrey
490014420W,West Croydon Bus Station,Stop B2,West Croydon,Greater London
490014420X,West Croydon Bus Station,Stop B3,West Croydon,Greater London
490014614E10,Whitgift Centre,Stop WK,Croydon (London),Greater London
490014614E14,Whitgift Centre,Stop WM,Croydon (London),Greater London
40004410114B,Whyteleafe South Station,Stop A,Whyteleafe,Surrey
40004410114A,Whyteleafe South Station,Stop B,Whyteleafe,Surrey
40004410116B,Whyteleafe and Upper Warlingham Stations,Stop C,Whyteleafe,Surrey
40004410116A,Whyteleafe and Upper Warlingham Stations,Stop D,Whyteleafe,Surrey
490015833S,Chalk Pit Way,Stop AA,Sutton (Surrey),Greater London
490014110B,Courtney Road,Stop EX,Waddon (London),Greater London
490008217E,Guy Road,Stop D,Beddington,Greater London
490002023W13,Church Street Tram Stop,Stop CL,Croydon,Greater London
490002042C0,Centrale Tram Stop,Stop CO,Croydon,Greater London
490005858NX,St George's Walk / Croydon Town Centre,Stop KK,Croydon,Greater London
490003117A,Biddulph Road,Stop GA,Purley,Greater London
490003117B,Biddulph Road,Stop GN,Purley,Greater London
490003281N,Alton Road,Stop NT,Waddon,Greater London
490005236N,Christchurch Road / Purley Hospital,Stop E,Purley,Greater London
490005855C15,Croydon Flyover,Stop KP,Croydon,Greater London
490005855C1,Croydon Flyover,Stop KS,Croydon,Greater London
490006064S,Devon Close,Stop F,Kenley,Greater London
490006064N,Devon Close,Stop K,Kenley,Greater London
490006975N,Foxley Hill Road,Stop N,Purley,Greater London
490006975NB,Foxley Hill Road,Stop Q,Purley,Greater London
490007129S,Garston Lane,Stop E,Kenley,Greater London
490007129N,Garston Lane,Stop L,Kenley,Greater London
490008633E,Kenley Treatment Works,Stop D,Kenley,Greater London
490008633N,Kenley Treatment Works,Stop M,Kenley,Greater London
490009074S,Legion House,Stop B,Kenley,Greater London
490009074N,Legion House,Stop P,Kenley,Greater London
490009180E1,Lind Road,->E,Sutton,Greater London
490009180W1,Lind Road,->W,Sutton,Greater London
490009410W,Rectory Grove,->W,Croydon,Greater London
490014111N,Rectory Grove,Stop C,Croydon,Greater London
490009575I,Manor Place,Stop I,Sutton,Greater London
490010002N,Montpelier Road,Stop F,Purley,Greater London
490010002S,Montpelier Road,Stop L,Purley,Greater London
490010839C3,Park Street,Stop KH,Croydon,Greater London
490011259D,Purley / Downlands Precinct,Stop D,Purley,Greater London
490011259G,Purley / Downlands Precinct,Stop G,Purley,Greater London
490011274P,Purley High Street / Purley Station,Stop P,Purley,Greater London
490011275D,Purley Way / Waddon Station,Stop ES,Waddon,Greater London
490011275C,Purley Way / Waddon Station,Stop WQ,Waddon,Greater London
490011270M,Purley Station / Purley High Street,Stop M,Purley,Greater London
490011504W15,Reeves Corner,Stop CN,Croydon,Greater London
490011585E,Carshalton Road / Ringstead Road,->E,Sutton,Greater London
490011585W,Carshalton Road / Ringstead Road,->W,Sutton,Greater London
490011806W11,Ruskin Road,Stop CJ,Croydon,Greater London
490011806W16,Ruskin Road,Stop CR,Croydon,Greater London
490011856W,St. Nicholas Centre,Stop W,Sutton,Greater London
490012726S,St James Road Kenley,Stop A,Kenley,Greater London
490012726N,St James Road Kenley,Stop R,Kenley,Greater London
490013020N,Sunnydene Road,->N,Purley,Greater London
490013020S,Sunnydene Road,->S,Purley,Greater London
490013061D,Sutton / Marshalls Road,Stop D,Sutton,Greater London
490013064V,Sutton Civic Centre,Stop V,Sutton,Greater London
490013081K,Sutton Police Station,Stop K,Sutton,Greater London
490013082R,Sutton Head Post Office,Stop R,Sutton,Greater London
490013437S,The Kenley Hotel / Kenley Station,Stop C,Kenley,Greater London
490013437W,The Kenley Hotel / Kenley Station,Stop N,Kenley,Greater London
490013543N,Brighton Road / Purley Downs Road,Stop J,Purley,Greater London
490013543S,Brighton Road / Purley Downs Road,Stop K,Purley,Greater London
490013679J,Times Square,Stop J,Sutton,Greater London
490014043A,Vicarage Rd / Wandle Park Tram Stop,Stop A,Waddon,Greater London
490014043B,Vicarage Rd / Wandle Park Tram Stop,Stop B,Waddon,Greater London
490014110S,Purley Way / Waddon Road,Stop SV,Waddon,Greater London
490014111S,Waddon New Road / Waddon Road,Stop D,Waddon,Greater London
490014614E10,Whitgift Centre,Stop WK,Croydon,Greater London
490014614E14,Whitgift Centre,Stop WM,Croydon,Greater London
490015833S,Chalk Pit Way,Stop AA,Sutton,Greater London
490014110B,Courtney Road,Stop EX,Waddon,Greater London
490002038B,Fieldway Tram Stop,Stop FA,Forestdale,Greater London
490002038A,Fieldway Tram Stop,Stop FJ,Forestdale,Greater London
490010848N,New Addington Tram Stop,Stop A,New Addington,Greater London
490010848S,New Addington Tram Stop,Stop D,New Addington,Greater London
490002120Z,Biggin Hill Memorial Museum,->S,Leaves Green,Greater London
490007746N,Biggin Hill Memorial Museum,Stop D,Leaves Green,Greater London
490003095E,Addington Road / Pumping Station,->E,West Wickham/London,Greater London
490003095W,Addington Road / Pumping Station,->W,West Wickham/London,Greater London
490003097E,Glebe Way,Stop P,Coney Hall,Greater London
490003099N,Addington Road / Glebe Way,Stop C,Coney Hall,Greater London
490003099W,Addington Road / Glebe Way,Stop L,Coney Hall,Greater London
490003945W,Betchworth Way,Stop S,New Addington,Greater London
490003993N,Biggin Hill Airport / Passenger Terminal,Stop E,Leaves Green,Greater London
490003993S,Biggin Hill Airport / Passenger Terminal,Stop L,Leaves Green,Greater London
490003994S,Lebanon Gardens,Stop N,Biggin Hill,Greater London
490003994E,Lebanon Gardens,Stop V,Biggin Hill,Greater London
490004073N,Blackness Lane,->N,Leaves Green,Greater London
490004073S,Blackness Lane,->S,Leaves Green,Greater London
490004680E,Calley Down Crescent,->E,New Addington,Greater London
490004680W,Calley Down Crescent,->W,New Addington,Greater London
490013322N,Castle Hill Avenue,Stop P,New Addington,Greater London
490004843S,Castle Hill Avenue,Stop Q,New Addington,Greater London
490004928Z,Central Parade New Addington,->S,New Addington,Greater London
490004928N,Central Parade New Addington,Stop K,New Addington,Greater London
490005009W,Charlton Drive,->W,Biggin Hill,Greater London
490005544E,Coney Hall,Stop Q,Coney Hall,Greater London
490005544W,Coney Hall,Stop R,Coney Hall,Greater London
490008680N,Keston Church,Stop KH,Leaves Green,Greater London
490006165S,Keston Church,Stop WJ,Leaves Green,Greater London
40004410805D,Cudham Road,,Tatsfield,Surrey
490007746S,Hanbury Drive,Stop M,Leaves Green,Greater London
490007871E,Hartfield Crescent,->E,Coney Hall,Greater London
490007871W,Hartfield Crescent,->W,Coney Hall,Greater London
490008000N2,Westerham Rd / Heathfield Rd,Stop KJ,Keston,Greater London
490008000S2,Heathfield Road /Keston Common,Stop KD,Keston,Greater London
490008533N,Biggin Hill / Black Horse,Stop A,Biggin Hill,Greater London
490008533S,Biggin Hill / Black Horse,Stop Q,Biggin Hill,Greater London
490008678N,Keston / The Fox,->N,Keston,Greater London
490008678S,Keston / The Fox,Stop KB,Keston,Greater London
490008684N1,Keston Village Hall,Stop KC,Keston,Greater London
490008684N2,Keston Village Hall,Stop KK,Keston,Greater London
490009032E,Layhams Road,Stop B,Coney Hall,Greater London
490009032W,Layhams Road,Stop M,Coney Hall,Greater London
490009051N,Leaves Green / Ashmore Lane,Stop G,Leaves Green,Greater London
490009051S,Leaves Green / Ashmore Lane,Stop J,Leaves Green,Greater London
490009625N,Maple Leaf Close,Stop W,Biggin Hill,Greater London
490009878N,Leaves Green / The Kings Arms,Stop F,Leaves Green,Greater London
490009878S,Leaves Green / The Kings Arms,Stop K,Leaves Green,Greater London
490009926E,New Addington Baptist Church,->E,New Addington,Greater London
490009926W,New Addington Baptist Church,Stop J,New Addington,Greater London
40004410805A,Ship Hill / Borough Road,,Tatsfield,Surrey
40004410805H,Ship Hill / Borough Road,,Tatsfield,Surrey
490011493N,Redstart Close,->N,New Addington,Greater London
490011493S,Redstart Close,->S,New Addington,Greater London
490011693N3,Rosehill Road,Stop B,Biggin Hill,Greater London
490011693S,Rosehill Road,Stop E,Biggin Hill,Greater London
490011874N,Main Road / Salt Box Hill,Stop C,Leaves Green,Greater London
490011874S,Main Road / Salt Box Hill,Stop N,Leaves Green,Greater London
490012660E,St Edward's Church,Stop H,New Addington,Greater London
490012824N,Stock Hill,Stop C,Biggin Hill,Greater London
490012824S,Stock Hill,Stop D,Biggin Hill,Greater London
490013017N,Main Road / Sunningvale Ave,Stop B,Biggin Hill,Greater London
490013017S,Main Road / Sunningvale Ave,Stop P,Biggin Hill,Greater London
490013114E,Swievelands Road,Stop F,Biggin Hill,Greater London
490013114W,Swievelands Road,Stop H,Biggin Hill,Greater London
40004410805F,Cudham Hill,,Tatsfield,Surrey
40004410805C,Ricketts Hill Road/Manor House,,Tatsfield,Surrey
40004410134A,Ricketts Hill Road/Manor House,,Tatsfield,Surrey
40004410135A,Tatsfield Village / Old Ship,,Tatsfield,Surrey
490013672E,Tilford Avenue,->E,New Addington,Greater London
490015467N,Vulcan Way,->N,New Addington,Greater London
490015467Z,Vulcan Way,->S,New Addington,Greater London
490015533S1,Fieldway,Stop FH,Addington (London),Greater London
490015686S,Leafy Grove,Stop KG,Keston,Greater London
490015686N,Leafy Grove,Stop KL,Keston,Greater London
40004410805B,Tatsfield Green,,Tatsfield,Surrey
40004410805G,Tatsfield Green,,Tatsfield,Surrey
490000388Y,Warbank Crescent,->N,New Addington,Greater London
490000388Z,Warbank Crescent,->S,New Addington,Greater London
490003093N,King Henry's Drive / Homestead Way,->N1,New Addington,Greater London
490003093S,King Henry's Drive / Homestead Way,->S1,New Addington,Greater London
490006699N,Meridian High School,->N,New Addington,Greater London
490006699S,Meridian High School,->S,New Addington,Greater London
40004408088A,Vincent Lane,,Dorking,Surrey
40004408240A,Dorking Station / London Road,,Dorking,Surrey
490001285D,Surbiton Station / Victoria Road,Stop D,Surbiton,Greater London
490001285C,Surbiton,Stop NB,Surbiton,Greater London
40004408237A,Leatherhead Rail Station,Stop T,Leatherhead,Surrey
40004408188A,All Saints Church (KT22),,Leatherhead,Surrey
40004408188B,All Saints Church (KT22),,Leatherhead,Surrey
40004408189A,All Saints School,,Leatherhead,Surrey
40004408189B,All Saints School,,Leatherhead,Surrey
490003663X,Barwell Business Park,Stop U,Malden Rushett,Greater London
490003663W,Barwell Business Park,Stop W,Malden Rushett,Greater London
490004328N,Bridge Road (KT9),Stop N,Chessington,Greater London
40004408130B,Burford Bridge,,Westhumble,Surrey
40004408130A,Burford Bridge,,Westhumble,Surrey
40004408133A,Byttom Hill,,Mickleham,Surrey
40004408133B,Byttom Hill,,Mickleham,Surrey
490005121X,Chessington World Of Adventures,Stop X,Malden Rushett,Greater London
490005121Y,Chessington World Of Adventures,Stop Y,Malden Rushett,Greater London
490005800A16,Cromwell Road Bus Station,Stop A16,Kingston upon Thames,Greater London
490005800A2,Cromwell Road Bus Station,Stop A2,Kingston upon Thames,Greater London
490006089S,Ditton Road,Stop HA,Southborough (SURB),Greater London
40004408115B,Dorking Station,,Dorking,Surrey
40004408240B,Dorking Station,,Dorking,Surrey
40004408114A,Deepdene Avenue Road,,Dorking,Surrey
40004408112A,Moores Road,Stop H,Dorking,Surrey
40004408112B,Moores Road,Stop J,Dorking,Surrey
40004408085A,Townfield Court,Stop S,Dorking,Surrey
40004408086A,South Street / Dorking,,Dorking,Surrey
40004408113A,Dorking Council Offices,Stop F,Dorking,Surrey
40004408113B,Dorking Council Offices,Stop G,Dorking,Surrey
40004408110A,West Street (RH4),Stop Q,Dorking,Surrey
40004408111B,White Horse,Stop K,Dorking,Surrey
40004408111A,White Horse,Stop N,Dorking,Surrey
490006364S,East Lane (KT1),Stop UM,Kingston upon Thames,Greater London
490006364N,East Lane (KT1),Stop UV,Kingston upon Thames,Greater London
490006412D1,Eden Street,Stop D1,Kingston upon Thames,Greater London
490006412E3,Eden Street,Stop E3,Kingston upon Thames,Greater London
490006412H,St James Road,Stop H,Kingston upon Thames,Greater London
490006490L,Ellingham Road,Stop L,Chessington,Greater London
490006490M,Ellingham Road,Stop M,Chessington,Greater London
490006501S,Elmcroft Drive,Stop HD,Hook (London),Greater London
490006501N,Elmcroft Drive,Stop HN,Hook (London),Greater London
40004408128A,Pixham Lane,,Dorking,Surrey
40004408128B,Pixham Lane,,Dorking,Surrey
40004408134A,Givons Roundabout,,Leatherhead,Surrey
40004408134B,Givons Roundabout,,Leatherhead,Surrey
490007205S,Southborough High School,Stop HC,Hook (London),Greater London
490007205N,Southborough High School,Stop HP,Hook (London),Greater London
40004408174A,Leatherhead Leisure Centre,Stop A,Fetcham,Surrey
40004408174B,Leatherhead Leisure Centre,Stop P,Fetcham,Surrey
490007595J,Guildhall / Rose Theatre,Stop J,Kingston upon Thames,Greater London
490007595K,Guildhall / Rose Theatre,Stop K,Kingston upon Thames,Greater London
490008338S1,Hook Parade,Stop HH,Hook (London),Greater London
490008338N,Hook Parade,Stop HL,Hook (London),Greater London
40004408131A,Juniper Hall,,Mickleham,Surrey
40004408131B,Juniper Hall,,Mickleham,Surrey
40004408239A,The Villa,,Mickleham,Surrey
490008949N,Langley Avenue (KT6),Stop SA,Southborough (SURB),Greater London
490008949S,Langley Avenue (KT6),Stop SG,Southborough (SURB),Greater London
40004408175B,Bridge Street (KT22),Stop P,Leatherhead,Surrey
40004408175A,Bridge Street (KT22),,Leatherhead,Surrey
40004408176A,North Street (KT22),Stop R,Leatherhead,Surrey
40004408176B,North Street (KT22),Stop S,Leatherhead,Surrey
40004408192A,Leatherhead Golf Club,,Leatherhead,Surrey
40004408192B,Leatherhead Golf Club,,Leatherhead,Surrey
490009048C,Garrison Lane,Stop C,Chessington,Greater London
490009048D,Garrison Lane,Stop D,Chessington,Greater London
40004408238A,North Downs Way,,Westhumble,Surrey
490009395N,Lovelace Gardens,Stop SC,Surbiton,Greater London
490009395S,Lovelace Gardens,Stop SD,Surbiton,Greater London
40004408959A,Malden Rushett / The Star,,Leatherhead,Surrey
40004408959B,Malden Rushett / The Star,,Leatherhead,Surrey
490009615P,Mansfield Road / Hook,Stop P,Hook (London),Greater London
490009627S,Maple Road (KT6),Stop C,Surbiton,Greater London
490009627N,Maple Road (KT6),Stop D,Surbiton,Greater London
490010075N,Mountcombe Close,Stop SB,Surbiton,Greater London
490010075S,Mountcombe Close,Stop SE,Surbiton,Greater London
40004408226A,Oxshott Road,,Leatherhead,Surrey
40004408226B,Oxshott Road,,Leatherhead,Surrey
40004408187A,Park Rise,Stop M,Leatherhead,Surrey
40004408187B,Park Rise,,Leatherhead,Surrey
40004408191A,Regent Park,,Leatherhead,Surrey
40004408191B,Regent Park,,Leatherhead,Surrey
490011796N,Rushett Lane,->N,Malden Rushett,Greater London
490011796S,Rushett Lane,->S,Malden Rushett,Greater London
490013034S,Surbiton Crescent,Stop B,Surbiton,Greater London
490013035N,Surbiton Road / Penrhyn Road,Stop UE,Surbiton,Greater London
490013036H,Surbiton Sainsbury's,Stop NA,Surbiton,Greater London
490013036G,Surbiton Sainsbury's,Stop NR,Surbiton,Greater London
490013037W,Surbiton Road / Milestone House,Stop US,Kingston upon Thames,Greater London
490013037E,Surbiton Road / Milestone House,Stop UW,Kingston upon Thames,Greater London
490013315N,The Crescent Surbiton,Stop ND,Surbiton,Greater London
490013315S,The Crescent Surbiton,Stop NH,Surbiton,Greater London
490013457HU,Ash Tree Close,Stop HU,Southborough (SURB),Greater London
40004408173A,The Mount,,Fetcham,Surrey
40004408173B,The Mount,,Fetcham,Surrey
490013474S,The North Star,Stop HE,Hook (London),Greater London
490013474N,The North Star,Stop HM,Hook (London),Greater London
40004408172A,The Ridgeway Fetcham,->NE,Fetcham,Surrey
40004408172B,The Ridgeway Fetcham,->SW,Fetcham,Surrey
40004408234A,Oak Road / Leatherhead,,Leatherhead,Surrey
40004408132A,Mickleham Church,,Mickleham,Surrey
40004408132B,Mickleham Church,,Mickleham,Surrey
490013552N,Malden Rushett / Shy Horse,->N,Malden Rushett,Greater London
490013552S,Malden Rushett / Shy Horse,->S,Malden Rushett,Greater London
490013597Q,Holmwood Road,Stop Q,Hook (London),Greater London
490013597N,Holmwood Road,Stop W,Hook (London),Greater London
40004408223A,Zig Zag Road,,Westhumble,Surrey
40004408016A,Zig Zag Road,,Westhumble,Surrey
490013628S,Thornhill Road Surbiton,Stop HB,Southborough (SURB),Greater London
490013628N,Thornhill Road Surbiton,Stop HQ,Southborough (SURB),Greater London
40004408129A,Westhumble Street,,Mickleham,Surrey
40004408129B,Westhumble Street,,Mickleham,Surrey
490014817S,Woodbines Avenue,Stop UN,Kingston upon Thames,Greater London
490015165B,Surbiton Station/Claremont Rd,Stop NK,Surbiton,Greater London
490018574S,Langley Road (KT6),Stop SF,Surbiton,Greater London
40004408086B,South Street/ Rose Hill,->W,Dorking,Surrey
490013457N,The Maypole,Stop HR,Southborough (SURB),Greater London
490015165A,Claremont Rd/ Surbiton Station,Stop NC,Surbiton,Greater London
490020192N,Chessington Garden Centre,->N,Malden Rushett,Greater London
490020192S,Chessington Garden Centre,->S,Malden Rushett,Greater London
490013511C,Richmond Station,C,Richmond (London),Greater London
490000192S,Richmond Station,Stop E,Richmond (London),Greater London
40004405136E,Hampton Court,,East Molesey,Surrey
490004377E,Teddington / Broad Street,Stop E,Teddington (London),Greater London
490004377F,Teddington / Broad Street,Stop F,Teddington (London),Greater London
490004705W,Cambridge Park (TW1),Stop B,Richmond (London),Greater London
490004709E,Cambridge Road (TW11),Stop L,Teddington (London),Greater London
490004709W,Cambridge Road (TW11),Stop Z,Teddington (London),Greater London
490005755E,Cresswell Road,Stop W,Richmond (London),Greater London
490005755W,Cresswell Road,Stop X,Richmond (London),Greater London
490005841T,Marble Hill Park / Crown Road,Stop D,St Margarets (TWK),Greater London
490005841U,Marble Hill Park / Crown Road,Stop U,St Margarets (TWK),Greater London
490007125E,Garrick Villa,Stop P,Hampton (London),Greater London
490007125W,Garrick Villa,Stop S,Hampton (London),Greater London
490007166B,George Street (TW9),Stop B,Richmond (London),Greater London
490007558N,Grove Gardens,Stop SU,Teddington (London),Greater London
490007558S,Grove Gardens,Stop SY,Teddington (London),Greater London
490007713D,Hampton Court Green,Stop D,Hampton Court,Greater London
490007713E,Hampton Court Green,Stop E,Hampton Court,Greater London
490007725S,Hampton Church,Stop N,Hampton (London),Greater London
490007725N,Hampton Church,Stop T,Hampton (London),Greater London
490007729F,Hampton Court Palace,Stop F,Hampton Court,Greater London
490007732S,Cross Street (TW12),Stop HB,Hampton Hill,Greater London
490007732N,Cross Street (TW12),Stop HM,Hampton Hill,Greater London
490007733S,Holly Road,Stop HC,Hampton Hill,Greater London
490007733N,Holly Road,Stop HL,Hampton Hill,Greater London
490007734E,Hampton Lodge,->E,Hampton Court,Greater London
490007734W,Hampton Lodge,->W,Hampton Court,Greater London
490007736S,Hampton Pool,Stop G,Hampton (London),Greater London
490007736N,Hampton Pool,Stop V,Hampton (London),Greater London
490008814E,Kings Road (TW11),->E,Hampton Hill,Greater London
490009053W,Lebanon Court,Stop F,Twickenham,Greater London
490009053E,Lebanon Court,Stop S,Twickenham,Greater London
490009527ST,Mallard Place,Stop ST,Strawberry Hill,Greater London
490009527SV,Mallard Place,Stop SV,Strawberry Hill,Greater London
490009547SA,Manor Circus,Stop SA,North Sheen,Greater London
490009547SB,Manor Circus,Stop SB,North Sheen,Greater London
490009561W,Manor Grove (TW9),Stop H,North Sheen,Greater London
490009577N,Manor Road (TW11),Stop N,Teddington (London),Greater London
490009577S,Manor Road (TW11),Stop T,Teddington (London),Greater London
490009670E,Marksbury Avenue,Stop A,North Sheen,Greater London
490009848S,Michelham Gardens,Stop SQ,Strawberry Hill,Greater London
490009848N,Michelham Gardens,Stop SW,Strawberry Hill,Greater London
490010049N,Mortlake Road,Stop B,North Sheen,Greater London
490010049W,Mortlake Road,Stop G,North Sheen,Greater London
490010157E,National Physical Laboratory,->E,Hampton Hill,Greater London
490010157W,National Physical Laboratory,Stop K,Hampton Hill,Greater London
490010685E,Oxford Road Hampton Hill,->E,Hampton Hill,Greater London
490010685W,Oxford Road Hampton Hill,->W,Hampton Hill,Greater London
490010757S,Park Close,Stop M,Hampton (London),Greater London
490010757N,Park Close,Stop U,Hampton (London),Greater London
490010806S,Parkside,Stop HA,Hampton Hill,Greater London
490010806N,Parkside,Stop HN,Hampton Hill,Greater London
490011104N,Popes Grotto,Stop SK,Strawberry Hill,Greater London
490011104S,Popes Grotto,Stop SL,Strawberry Hill,Greater London
490001148Z,Poulett Gardens,Stop P,Twickenham,Greater London
490011148R,Poulett Gardens,Stop R,Twickenham,Greater London
490011556J,Richmond Bus Station,Stop J,Richmond (London),Greater London
490011557W,Richmond Circus,Stop RR,North Sheen,Greater London
490011557E,Richmond Circus,Stop RS,North Sheen,Greater London
490012048SK,Sheendale Road,Stop SK,North Sheen,Greater London
490012048E,Sheendale Road,Stop ST,North Sheen,Greater London
490012423E,St. Albans Lodge,->E,Hampton (London),Greater London
490012460S,St Stephens Church/Richmond Rd,Stop C,St Margarets (TWK),Greater London
490012460N,St Stephens Church/Richmond Rd,Stop V,St Margarets (TWK),Greater London
490013172C,Elmfield Avenue,Stop C,Teddington (London),Greater London
490013172D,Elmfield Avenue,Stop D,Teddington (London),Greater London
490013174E,Teddington Lock,Stop M,Teddington (London),Greater London
490012507W,Teddington Lock,Stop U,Teddington (London),Greater London
490013175W,Teddington Memorial Hospital,Stop J,Teddington (London),Greater London
490013175E,Teddington Memorial Hospital,Stop L,Teddington (London),Greater London
490013511F,The Quadrant Richmond,Stop F,Richmond (London),Greater London
490013570E,St Alban's Riverside,->E,Hampton Court,Greater London
490013570W,St Alban's Riverside,->W,Hampton Court,Greater London
490013975S,Uxbridge Road Hampton,->S,Hampton Hill,Greater London
490013975N,Uxbridge Road Hampton,Stop HK,Hampton Hill,Greater London
490015022W,York Street / Twickenham,Stop G,Twickenham,Greater London
490015022H,York Street / Twickenham,Stop H,Twickenham,Greater London
490015035SL,Sandycombe Road Richmond,Stop SL,North Sheen,Greater London
490016326S,Kew Retail Park,Stop U,Kew Gardens,Greater London
490016327S,West Park Road,Stop V,Kew (London),Greater London
490016327N,West Park Road,Stop Y,Kew (London),Greater London
490016328W,Courtlands Avenue,Stop D,Kew (London),Greater London
490016328S,Courtlands Avenue,Stop E,Kew (London),Greater London
490016329N,Chalkers Corner,Stop C,Kew (London),Greater London
490016329S,Chalkers Corner,Stop F,Kew (London),Greater London
490018556E,Orleans Park School,Stop E,St Margarets (TWK),Greater London
490005841R,Orleans Park School,Stop T,St Margarets (TWK),Greater London
490018678E,Taylor Avenue,Stop W,Kew (London),Greater London
490018678W,Taylor Avenue,Stop X,Kew (London),Greater London
490001194A,Mitcham Junction Station,Stop A,Mitcham,Greater London
490001194B,Mitcham Junction Station,Stop B,Mitcham,Greater London
490001286O,Sutton Station,Stop O,Sutton (Surrey),Greater London
490013060N,Sutton Station,Stop P,Sutton (Surrey),Greater London
490019635E,Sutton Hospital,->W,Belmont (Sutton),Greater London
490003118E,Mill Green Business Park,->E,Beddington Corner,Greater London
40004409045A,Banstead / The Woolpack,,Banstead,Surrey
40004409045B,Banstead / The Woolpack,,Banstead,Surrey
40004409047A,Banstead / Marks & Spencer,,Banstead,Surrey
40004409047B,Banstead / Marks & Spencer,,Banstead,Surrey
40004409034A,Banstead Downs,,Banstead,Surrey
40004409034B,Banstead Downs,,Banstead,Surrey
490003892E,Benhill Avenue,Stop E,Sutton (Surrey),Greater London
490004824W,Mitcham Garden Village / Willow Lane,Stop G,Mitcham,Greater London
490004824E,Mitcham Garden Village / Willow Lane,Stop K,Mitcham,Greater London
490004887S,Brighton Road / Cavendish Road,Stop T,Sutton (Surrey),Greater London
490005844Y,Crown Road (SM1),Stop Y,Sutton Common/London,Greater London
40004409036A,Croydon Lane,,Banstead,Surrey
40004409036B,Croydon Lane,,Banstead,Surrey
490006164A,Downe Road / Mitcham Library,Stop A,Mitcham,Greater London
490006164B,Downe Road / Mitcham Library,Stop B,Mitcham,Greater London
490006184E,Downs Road / Belmont Station,Stop E,Belmont (Sutton),Greater London
490006184F,Downs Road / Belmont Station,Stop F,Belmont (Sutton),Greater London
490006630E,Erskine Road,->E,Wrythe Green,Greater London
490007213N1,Glebe Court,Stop J,Mitcham,Greater London
490007213M,Glebe Court,Stop K,Mitcham,Greater London
40004409046B,Glenfield Road,,Banstead,Surrey
40004409046A,Glenfield Road,,Banstead,Surrey
40004409035A,Grange Gardens,,Banstead,Surrey
40004409035B,Grange Gardens,,Banstead,Surrey
490007519S,Green Wrythe Lane,Stop BB,Morden (London),Greater London
490007987E,Cavendish Road (SM2),->E,Sutton (Surrey),Greater London
490003293E,Cavendish Road (SM2),->NE,Sutton (Surrey),Greater London
40004409033A,Highdown Lane,,Banstead,Surrey
40004409033B,Highdown Lane,,Banstead,Surrey
490009286N,London Road / Figge's Marsh,Stop L,Mitcham,Greater London
490009286S,London Road / Figge's Marsh,Stop M,Mitcham,Greater London
490009860N,Middleton Road,->N,Morden (London),Greater London
490009860S2,Middleton Road,->S,Morden (London),Greater London
490009898W,Mill Green Road,->W,Beddington Corner,Greater London
490009898S,Mill Green Road,Stop F,Beddington Corner,Greater London
490009944V,Mitcham / Cricket Green,Stop N,Mitcham,Greater London
490009946P,Mitcham / Lower Green,Stop L,Mitcham,Greater London
490009949Z,Mitcham Fair Green,Stop D,Mitcham,Greater London
490009949Y,Mitcham Fair Green,Stop G,Mitcham,Greater London
490009952S,Mitcham Police Station,Stop O,Mitcham,Greater London
490009952T,Mitcham Police Station,Stop R,Mitcham,Greater London
490010129N,Muschamp Road Carshalton,Stop R,Wrythe Green,Greater London
490010129S,Muschamp Road Carshalton,Stop S,Wrythe Green,Greater London
490010186N,Netley Road,->NE,Rosehill (London),Greater London
490010186S,Netley Road,->SW,Rosehill (London),Greater London
490010624W,Orchard Way Erskine Road,->W,Wrythe Green,Greater London
490010724E,Paget Avenue,->E,Wrythe Green,Greater London
490011149N,Poulton Avenue,Stop P,Wrythe Green,Greater London
490011149S,Poulton Avenue,Stop T,Wrythe Green,Greater London
490012718HA,St Helier Hospital,Stop HA,St Helier,Greater London
490012718HB,St Helier Hospital,Stop HB,St Helier,Greater London
490012719N,Green Wrythe Lane / St. Helier Library,->N,St Helier,Greater London
490012719S,GREEN WRYTHE LANE,->S,St Helier,Greater London
490013062C,High Street / Marshalls Road,Stop C,Sutton Common/London,Greater London
490013072B,Sutton Green,Stop B,Sutton Common/London,Greater London
490013073W,Lewis Road (SM1),->W,Sutton Common/London,Greater London
490013075G,The London Cancer Hub,Stop G,Belmont (Sutton),Greater London
490013075J,The London Cancer Hub,Stop J,Belmont (Sutton),Greater London
490013377N,Goat Road,Stop D,Mitcham,Greater London
490013377S,Goat Road,Stop E,Mitcham,Greater London
490013565N2,Eveline Road,Stop D,Mitcham,Greater London
490013565S2,Eveline Road,Stop N,Mitcham,Greater London
490012566W,Oakhill Road Sutton,->W,Sutton (Surrey),Greater London
490014339N,Welbeck Road St Helier,->N,St Helier,Greater London
490014339S,Welbeck Road St Helier,->S,St Helier,Greater London
490014723W,The Wilson Hospital,Stop H,Mitcham,Greater London
490014723E,The Wilson Hospital,Stop J,Mitcham,Greater London
490015405RH,Bishopsford Road / Rose Hill Roundabout,Stop RH,Rosehill (London),Greater London
490015405RJ,Bishopsford Road / Rose Hill Roundabout,Stop RJ,Rosehill (London),Greater London
490015406RK,Wrythe Lane / Rose Hill Roundabout,Stop RK,Rosehill (London),Greater London
490015406RL,Wrythe Lane / Rose Hill Roundabout,Stop RL,Rosehill (London),Greater London
490020189N,Victoria Road / Lavender Fields,->N,Collier's Wood,Greater London
490020190S,Taylor Road,->S,Mitcham,Greater London
490020190N,Taylor Road,Stop GV,Mitcham,Greater London
490003293W,Langley Park Road,->W,Sutton (Surrey),Greater London
